well_name,wellbore_uwi,well_fluid,well_status,well_type,well_symbol_id,bottom_latitude,bottom_longitude,license_date,original_wellbore_id,ground_elevation,kb_elevation,on_prod_date,pb_depth,rig_no,pool_name,province,field_name,trajectory,operator,status_date,h2s_content,h2s_analysis,municipality,formatted_wellbore_uwi,government_fluid,government_status,government_type,licensee,license_number,projected_formation,producing_formation,surface_location,surface_latitude,surface_longitude,symbol,spud_date,rig_release_date,true_vertical_depth,total_measured_depth,license_status,license_status_date,kb_gt_gl,kb_gt_zero,gl_gt_zero,rig_height
NAL LOCHEND 6-17-27-3,100061702703W500,Oil,Active,Production,10,51.304607,-114.389791,2010-06-11,0275031706000,1267.0,1272.3,2010-08-27,0.0,2,COMMINGLED POOL 001,AB,LOCHEND,Horizontal,WHITECAP RESOURCES INC.,2010-08-27,,NO ANALYSIS,HORIZONTAL,100/06-17-027-03W5/00,CRUDE OIL,Pumping,Not Applicable,Whitecap Resources Inc.,0421120,CARDIUM FM,CARDIUM FM,03-20-027-03W5,51.316334,-114.389702,Oil,2010-06-28,2010-07-20,2284.51,3500.0,Amended,2011-10-05,True,True,True,5.2999999999999545
RIDGEBACK LOCHEND 3-26-27-4,100032602704W500,Oil,Active,Production,10,51.330317,-114.46165,2014-06-10,0275042603000,1304.3,1309.5,2014-11-07,0.0,309,COMMINGLED POOL 001,AB,LOCHEND,Horizontal,BONAVISTA ENERGY CORPORATION,2014-12-20,0.0,NO ANALYSIS,HORIZONTAL,100/03-26-027-04W5/00,CRUDE OIL,Pumping,Not Applicable,Ridgeback Resources Inc.,0467212,CARDIUM FM,CARDIUM FM,02-35-027-04W5,51.346138,-114.456967,Oil,2014-09-19,2014-10-02,2401.21,4040.0,Issued,2014-06-10,True,True,True,5.2000000000000455
NAL LOCHEND 4-16-26-3,100041602603W500,Oil,Active,Production,10,51.213465,-114.370671,2013-03-22,0265031604000,1284.3,1289.4,2014-03-01,0.0,113,COMMINGLED POOL 001,AB,LOCHEND,Horizontal,WHITECAP RESOURCES INC.,2014-03-01,0.0,NO ANALYSIS,HORIZONTAL,100/04-16-026-03W5/00,CRUDE OIL,Pumping,Not Applicable,Whitecap Resources Inc.,0456083,CARDIUM SD,CARDIUM SD,01-20-026-03W5,51.22774,-114.375293,Oil,2014-01-20,2014-02-09,2307.35,3936.0,Issued,2013-03-22,True,True,True,5.100000000000136
NAL LOCHEND 4-17-27-3,100131702703W502,Oil,Active,Production,10,51.313647,-114.397352,2012-02-22,0275031713002,1275.2,1280.2,2012-07-25,0.0,2,COMMINGLED POOL 001,AB,LOCHEND,Horizontal,WHITECAP RESOURCES INC.,2012-07-25,0.0,NO ANALYSIS,HORIZONTAL,100/13-17-027-03W5/02,CRUDE OIL,Pumping,Not Applicable,Whitecap Resources Inc.,0444378,,MANNVILLE & UPPER MANN,13-08-027-03W5,51.299508,-114.398292,Oil,2012-04-05,2012-05-02,2302.03,3767.0,Amended,2012-09-12,True,True,True,5.0
NAL LOCHEND 2-24-27-4,100022402704W500,Oil,Active,Production,10,51.315671,-114.431825,2013-11-27,0275042402000,1279.5,1282.7,2014-09-05,0.0,39,COMMINGLED POOL 001,AB,LOCHEND,Horizontal,WHITECAP RESOURCES INC.,2014-09-05,0.0,NO ANALYSIS,HORIZONTAL,100/02-24-027-04W5/00,CRUDE OIL,Pumping,Not Applicable,Whitecap Resources Inc.,0461491,CARDIUM FM,CARDIUM FM,02-25-027-04W5,51.330559,-114.432447,Oil,2014-04-06,2014-04-20,2347.98,3868.0,Issued,2013-11-27,True,True,True,3.2000000000000455
NAL LOCHEND 13-3-27-3,100130302703W500,Oil,Active,Production,10,51.284968,-114.349681,2010-05-21,0275030313000,1251.5,1256.3,2010-08-03,0.0,2,COMMINGLED POOL 001,AB,LOCHEND,Horizontal,WHITECAP RESOURCES INC.,2010-08-03,,NO ANALYSIS,HORIZONTAL,100/13-03-027-03W5/00,CRUDE OIL,Pumping,Not Applicable,Whitecap Resources Inc.,0420579,CARDIUM FM,CARDIUM FM,04-03-027-03W5,51.272072,-114.34968,Oil,2010-06-05,2010-06-26,2235.5,3577.0,Issued,2010-05-21,True,True,True,4.7999999999999545
NAL LOCHEND 1-17-27-3,100011702703W500,Oil,Active,Production,10,51.303639,-114.379992,2011-06-23,0275031701000,1262.1,1267.6,2011-11-01,0.0,2,COMMINGLED POOL 001,AB,LOCHEND,Horizontal,WHITECAP RESOURCES INC.,2011-11-01,,NO ANALYSIS,HORIZONTAL,100/01-17-027-03W5/00,CRUDE OIL,Pumping,Not Applicable,Whitecap Resources Inc.,0434582,CARDIUM FM,CARDIUM FM,01-20-027-03W5,51.316675,-114.379764,Oil,2011-09-05,2011-09-26,2270.19,3618.0,Issued,2011-06-23,True,True,True,5.5
RIDGEBACK LOCHEND 4-26-27-4,100042602704W500,Oil,Active,Production,10,51.330317,-114.46812,2014-06-10,0275042604000,1304.8,1309.4,2014-11-15,0.0,309,COMMINGLED POOL 001,AB,LOCHEND,Horizontal,BONAVISTA ENERGY CORPORATION,2014-12-20,0.0,NO ANALYSIS,HORIZONTAL,100/04-26-027-04W5/00,CRUDE OIL,Pumping,Not Applicable,Ridgeback Resources Inc.,0467209,CARDIUM FM,CARDIUM FM,02-35-027-04W5,51.346135,-114.457182,Oil,2014-10-03,2014-10-18,2409.14,4245.0,Issued,2014-06-10,True,True,True,4.600000000000136
RIDGEBACK LOCHEND 1-5-27-3,100010502703W500,Oil,Active,Production,10,51.27281,-114.380014,2012-02-07,0275030501000,1252.3,1257.2,2012-03-29,0.0,652,COMMINGLED POOL 001,AB,LOCHEND,Horizontal,WHITECAP RESOURCES INC.,2012-03-29,0.0,NO ANALYSIS,HORIZONTAL,100/01-05-027-03W5/00,CRUDE OIL,Flowing,Not Applicable,Ridgeback Resources Inc.,0443842,CARDIUM SD,CARDIUM SD,01-08-027-03W5,51.288209,-114.38206,Oil,2012-02-25,2012-03-16,2265.1,3900.0,Issued,2012-02-07,True,True,True,4.900000000000091
NAL LOCHEND 15-6-28-3,100150602803W500,Oil,Suspended,Production,14,51.372541,-114.410268,2010-07-28,0285030615000,1258.8,1264.1,2010-12-18,0.0,109,COMMINGLED POOL 001,AB,LOCHEND,Horizontal,BONAVISTA ENERGY CORPORATION,2015-05-07,0.0,NO ANALYSIS,HORIZONTAL,100/15-06-028-03W5/00,CRUDE OIL,Suspended,Not Applicable,Whitecap Resources Inc.,0422271,CARDIUM FM,CARDIUM FM,15-31-027-03W5,51.357406,-114.410268,Suspended Oil,2010-10-22,2010-11-16,2297.38,3840.0,Suspension,2014-12-31,True,True,True,5.2999999999999545
WHITECAP LOCHEND 15-32-26-3,100153202603W500,Oil,Active,Production,10,51.270511,-114.382448,2011-04-21,0265033215000,1280.7,1285.8,2011-06-15,0.0,91,COMMINGLED POOL 001,AB,LOCHEND,Horizontal,WHITECAP RESOURCES INC.,2011-07-21,,NO ANALYSIS,HORIZONTAL,100/15-32-026-03W5/00,CRUDE OIL,Pumping,Not Applicable,Whitecap Resources Inc.,0433122,CARDIUM SD,CARDIUM SD,01-32-026-03W5,51.257616,-114.374955,Oil,2011-04-25,2011-05-22,2307.95,3939.0,Issued,2011-04-21,True,True,True,5.099999999999909
NAL LOCHEND 1-21-26-3,100012102603W500,Oil,Active,Production,10,51.227876,-114.352502,2013-12-03,0265032101000,1238.3,1244.0,2014-05-15,0.0,546,COMMINGLED POOL 001,AB,LOCHEND,Horizontal,WHITECAP RESOURCES INC.,2014-05-15,0.0,NO ANALYSIS,HORIZONTAL,100/01-21-026-03W5/00,CRUDE OIL,Pumping,Not Applicable,Whitecap Resources Inc.,0461781,CARDIUM FM,CARDIUM FM,13-22-026-03W5,51.239125,-114.348918,Oil,2013-12-29,2014-01-13,2225.58,3473.0,Issued,2013-12-03,True,True,True,5.7000000000000455
NAL LOCHEND 3-31-27-3,100033102703W500,Oil,Active,Production,10,51.344848,-114.414714,2013-02-01,0275033103000,1264.4,1271.1,2013-06-15,0.0,621,COMMINGLED POOL 001,AB,LOCHEND,Directional,BONAVISTA ENERGY CORPORATION,2013-06-15,0.0,NO ANALYSIS,DIRECTIONAL,100/03-31-027-03W5/00,CRUDE OIL,Pumping,Not Applicable,Whitecap Resources Inc.,0454471,CARDIUM SD,,14-31-027-03W5,51.356248,-114.414657,Oil,2013-02-08,2013-02-22,2316.08,3490.0,Issued,2013-02-01,True,True,True,6.699999999999818
NAL LOCHEND 2-33-26-3,100023302603W500,Oil,Active,Production,10,51.256952,-114.358267,2014-02-04,0265033302000,1251.8,1256.7,2014-05-15,0.0,113,COMMINGLED POOL 001,AB,LOCHEND,Horizontal,WHITECAP RESOURCES INC.,2014-05-15,0.0,NO ANALYSIS,HORIZONTAL,100/02-33-026-03W5/00,CRUDE OIL,Pumping,Not Applicable,Whitecap Resources Inc.,0464665,CARDIUM FM,CARDIUM FM,04-03-027-03W5,51.272432,-114.350108,Oil,2014-03-21,2014-04-07,2248.45,4102.0,Issued,2014-02-04,True,True,True,4.900000000000091
TRIOIL HZ COCHRANE 2-31-26-3,100023102603W500,Oil,Active,Production,10,51.257214,-114.406715,2012-06-08,0265033102000,1282.3,1285.2,2012-08-15,0.0,530,COMMINGLED POOL 001,AB,LOCHEND,Horizontal,WHITECAP RESOURCES INC.,2012-08-15,,NO ANALYSIS,HORIZONTAL,100/02-31-026-03W5/00,CRUDE OIL,Flowing,Not Applicable,ORLEN Upstream Canada Ltd.,0446374,CARDIUM FM,CARDIUM FM,04-05-027-03W5,51.27175,-114.397696,Oil,2012-06-22,2012-07-12,2328.97,3968.0,Issued,2012-06-08,True,True,True,2.900000000000091
NAL LOCHEND 13-25-27-4,100132502704W500,Oil,Active,Production,10,51.342864,-114.445049,2012-10-25,0275042513000,1291.3,1295.6,2013-04-12,0.0,621,COMMINGLED POOL 001,AB,LOCHEND,Horizontal,WHITECAP RESOURCES INC.,2013-04-12,,NO ANALYSIS,HORIZONTAL,100/13-25-027-04W5/00,CRUDE OIL,Pumping,Not Applicable,Whitecap Resources Inc.,0449446,,MANNVILLE & UPPER MANN,04-25-027-04W5,51.332166,-114.443944,Oil,2013-01-22,2013-02-05,2372.5,3470.0,Issued,2012-10-25,True,True,True,4.2999999999999545
RIDGEBACK COCHRANE 8-14-26-4,100081402604W503,None,Abandoned,Production,5,51.218835,-114.444377,2002-05-22,0265041408003,1298.0,1302.0,,0.0,,,AB,COCHRANE,Vertical,,2007-08-16,,NO ANALYSIS,,100/08-14-026-04W5/03,Not Applicable,Abandoned,Not Applicable,Ridgeback Resources Inc.,0270194,SECOND WHITE SPECKS,,08-14-026-04W5,51.218835,-114.444377,DRY OR ABANDONED,2002-05-26,2002-06-06,2600.0,2600.0,Abandoned,2007-08-16,True,True,True,4.0
NAL LOCHEND 15-6-27-3,100150602703W500,Oil,Active,Production,10,51.284518,-114.410016,2013-04-18,0275030615000,1297.8,1303.1,2013-08-01,0.0,546,COMMINGLED POOL 001,AB,LOCHEND,Horizontal,WHITECAP RESOURCES INC.,2013-08-01,0.0,NO ANALYSIS,HORIZONTAL,100/15-06-027-03W5/00,CRUDE OIL,Pumping,Not Applicable,Whitecap Resources Inc.,0456255,CARDIUM SD,CARDIUM SD,03-06-027-03W5,51.271503,-114.4141,Oil,2013-07-09,2013-07-28,2351.22,3858.0,Amended,2013-05-23,True,True,True,5.2999999999999545
RIDGEBACK LOCHEND 16-30-27-3,100163002703W500,Oil,Active,Production,10,51.342841,-114.402943,2012-08-29,0275033016000,1269.3,1274.5,2012-11-08,0.0,379,COMMINGLED POOL 001,AB,LOCHEND,Horizontal,WHITECAP RESOURCES INC.,2012-11-08,0.0,NO ANALYSIS,HORIZONTAL,100/16-30-027-03W5/00,CRUDE OIL,Flowing,Not Applicable,Ridgeback Resources Inc.,0448059,CARDIUM SD,CARDIUM SD,13-20-027-03W5,51.328609,-114.398396,Oil,2012-10-14,2012-10-28,2305.86,3878.0,Issued,2012-08-29,True,True,True,5.2000000000000455
TAC HZ LOCHEND 4-6-27-3,100040602703W500,None,Active,Production,8,51.286981,-114.41699,2013-02-06,0275030604000,1277.6,0.0,,0.0,,,AB,LOCHEND,Horizontal,,2013-02-06,0.0,NO ANALYSIS,HORIZONTAL,100/04-06-027-03W5/00,Not Applicable,Not Applicable,Not Applicable,Whitecap Resources Inc.,0454650,CARDIUM SD,CARDIUM SD,03-07-027-03W5,51.286981,-114.41699,Location,,,0.0,0.0,Issued,2013-02-06,False,False,True,-1277.6
WHITECAP LOCHEND 14-32-26-3,100143202603W500,Oil,Active,Production,10,51.27032,-114.388211,2013-03-04,0265033214000,1280.4,1284.7,2013-05-26,0.0,628,COMMINGLED POOL 001,AB,LOCHEND,Horizontal,WHITECAP RESOURCES INC.,2013-06-14,,NO ANALYSIS,HORIZONTAL,100/14-32-026-03W5/00,CRUDE OIL,Pumping,Not Applicable,Whitecap Resources Inc.,0455645,CARDIUM SD,CARDIUM SD,01-32-026-03W5,51.25766,-114.375256,Oil,2013-04-06,2013-05-04,2314.61,4340.0,Amended,2013-03-22,True,True,True,4.2999999999999545
RIDGEBACK LOCHEND 13-30-27-3,100133002703W500,Oil,Active,Production,10,51.342827,-114.420441,2013-05-07,0275033013000,1266.7,1271.0,2013-11-22,0.0,309,COMMINGLED POOL 001,AB,LOCHEND,Horizontal,BONAVISTA ENERGY CORPORATION,2014-01-31,0.0,NO ANALYSIS,HORIZONTAL,100/13-30-027-03W5/00,CRUDE OIL,Pumping,Not Applicable,Ridgeback Resources Inc.,0456770,CARDIUM SD,CARDIUM SD,14-19-027-03W5,51.327985,-114.412999,Oil,2013-10-04,2013-10-22,2325.06,4027.0,Amended,2013-05-16,True,True,True,4.2999999999999545
NAL LOCHEND 3-33-26-3,100033302603W500,Oil,Active,Production,10,51.256858,-114.365128,2013-05-13,0265033303000,1235.5,1239.9,2013-07-01,0.0,39,COMMINGLED POOL 001,AB,LOCHEND,Horizontal,WHITECAP RESOURCES INC.,2013-07-01,0.0,NO ANALYSIS,HORIZONTAL,100/03-33-026-03W5/00,CRUDE OIL,Pumping,Not Applicable,Whitecap Resources Inc.,0456913,CARDIUM SD,CARDIUM SD,03-04-027-03W5,51.272777,-114.367585,Oil,2013-06-09,2013-06-25,2238.1,3895.0,Issued,2013-05-13,True,True,True,4.400000000000091
RIDGEBACK COCHRANE 2-11-26-4,100021102604W500,Oil,Active,Production,10,51.200174,-114.452234,2012-09-26,0265041102000,1298.5,1302.7,2013-11-01,0.0,652,CARDIUM E,AB,COCHRANE,Horizontal,WHITECAP RESOURCES INC.,2014-01-29,0.0,NO ANALYSIS,HORIZONTAL,100/02-11-026-04W5/00,CRUDE OIL,Pumping,Not Applicable,Ridgeback Resources Inc.,0448730,CARDIUM SD,CARDIUM SD,02-23-026-04W5,51.227386,-114.452294,Oil,2013-09-05,2013-10-03,2420.39,5301.0,Issued,2012-09-26,True,True,True,4.2000000000000455
NAL LOCHEND 15-20-26-3,102152002603W500,Oil,Active,Production,10,51.241081,-114.382884,2014-10-16,0265032015020,1283.1,1288.0,2015-02-17,0.0,621,COMMINGLED POOL 001,AB,LOCHEND,Horizontal,WHITECAP RESOURCES INC.,2015-02-17,0.0,NO ANALYSIS,HORIZONTAL,102/15-20-026-03W5/00,CRUDE OIL,Pumping,Not Applicable,Whitecap Resources Inc.,0470675,CARDIUM FM,CARDIUM FM,01-20-026-03W5,51.22792,-114.376152,Oil,2014-12-02,2014-12-20,2321.46,3739.0,Issued,2014-10-16,True,True,True,4.900000000000091
NAL LOCHEND 16-20-26-3,102162002603W500,Oil,Active,Production,10,51.241038,-114.376826,2013-03-22,0265032016020,1283.5,1288.6,2013-12-01,0.0,113,COMMINGLED POOL 001,AB,LOCHEND,Horizontal,WHITECAP RESOURCES INC.,2013-12-01,0.0,NO ANALYSIS,HORIZONTAL,102/16-20-026-03W5/00,CRUDE OIL,Pumping,Not Applicable,Whitecap Resources Inc.,0456085,CARDIUM SD,CARDIUM SD,01-20-026-03W5,51.22792,-114.375723,Oil,2013-11-15,2013-12-01,2314.61,3655.0,Issued,2013-03-22,True,True,True,5.099999999999909
BEC HZ LOCHEND 16-1-28-4,100160102804W500,Oil,Active,Production,10,51.37193,-114.425312,2014-01-17,0285040116000,1246.3,1246.3,2014-03-03,0.0,638,COMMINGLED POOL 001,AB,LOCHEND,Horizontal,BONAVISTA ENERGY CORPORATION,2014-03-03,0.0,NO ANALYSIS,HORIZONTAL,100/16-01-028-04W5/00,CRUDE OIL,Pumping,Not Applicable,Bonavista Energy Corporation,0464065,CARDIUM FM,CARDIUM FM,15-36-027-04W5,51.357665,-114.433681,Oil,2014-02-09,2014-02-25,2304.81,3941.0,Issued,2014-01-17,False,True,True,0.0
NAL LOCHEND 13-4-27-3,100130402703W500,Oil,Active,Production,10,51.285246,-114.370993,2011-10-25,0275030413000,1234.8,1239.9,2012-07-16,0.0,7,COMMINGLED POOL 001,AB,LOCHEND,Horizontal,WHITECAP RESOURCES INC.,2012-07-16,0.0,NO ANALYSIS,HORIZONTAL,100/13-04-027-03W5/00,CRUDE OIL,Pumping,Not Applicable,Whitecap Resources Inc.,0438005,CARDIUM FM,CARDIUM FM,03-04-027-03W5,51.272731,-114.367337,Oil,2012-04-01,2012-04-25,2232.68,3605.0,Amended,2012-08-01,True,True,True,5.100000000000136
CROSSROADS ET AL LOCHEND 10-32-27-3,100103202703W500,Oil,Abandoned,Production,3,51.352889,-114.385455,1965-04-08,0275033210000,1253.6,1257.6,1965-07-21,0.0,,COMMINGLED POOL 001,AB,LOCHEND,Vertical,,1983-05-18,,NO ANALYSIS,,100/10-32-027-03W5/00,CRUDE OIL,Abandoned Zone,Not Applicable,Hard Rock Resources Ltd.,0028118,,UPPER CARDIUM,10-32-027-03W5,51.352889,-114.385455,Abandoned Oil,1965-05-23,,2301.2,2301.2,Issued,1965-04-08,True,True,True,4.0
WHITECAP LOCHEND 2-29-26-3,100022902603W500,Oil,Active,Production,10,51.242848,-114.38025,2012-03-20,0265032902000,1280.7,1284.9,2012-05-20,0.0,6,COMMINGLED POOL 001,AB,LOCHEND,Horizontal,WHITECAP RESOURCES INC.,2012-08-29,,NO ANALYSIS,HORIZONTAL,100/02-29-026-03W5/00,CRUDE OIL,Pumping,Not Applicable,Whitecap Resources Inc.,0444993,CARDIUM SD,CARDIUM SD,01-32-026-03W5,51.257118,-114.374957,Oil,2012-04-04,2012-04-29,2304.53,3831.0,Issued,2012-03-20,True,True,True,4.2000000000000455
NAL HZ LOCHEND 3-9-26-3,100030902603W500,Oil,Active,Production,10,51.198688,-114.365239,2019-07-09,0265030903000,1283.6,1289.1,2019-09-24,0.0,43,COMMINGLED POOL 001,AB,LOCHEND,Horizontal,WHITECAP RESOURCES INC.,2019-09-24,,NO ANALYSIS,HORIZONTAL,100/03-09-026-03W5/00,CRUDE OIL,Pumping,Not Applicable,Whitecap Resources Inc.,0495049,CARDIUM FM,CARDIUM FM,01-20-026-03W5,51.228279,-114.376152,Oil,2019-08-28,2019-09-14,2313.28,5896.0,Issued,2019-07-09,True,True,True,5.5
RIDGEBACK LOCHEND 15-30-27-3,100153002703W500,Oil,Active,Production,10,51.342836,-114.408801,2013-05-07,0275033015000,1266.0,1270.9,2014-01-28,0.0,309,COMMINGLED POOL 001,AB,LOCHEND,Horizontal,BONAVISTA ENERGY CORPORATION,2014-02-20,0.0,NO ANALYSIS,HORIZONTAL,100/15-30-027-03W5/00,CRUDE OIL,Pumping,Not Applicable,Ridgeback Resources Inc.,0456772,CARDIUM SD,CARDIUM SD,14-19-027-03W5,51.327984,-114.412569,Oil,2014-01-03,2014-01-16,2313.7,3867.7,Amended,2013-05-16,True,True,True,4.900000000000091
NAL HZ LOCHEND 4-8-26-3,100040802603W500,Oil,Active,Production,10,51.198739,-114.393945,2018-05-15,0265030804000,1289.9,1295.2,2018-09-08,0.0,47,COMMINGLED POOL 001,AB,LOCHEND,Horizontal,WHITECAP RESOURCES INC.,2018-09-08,,NO ANALYSIS,HORIZONTAL,100/04-08-026-03W5/00,CRUDE OIL,Pumping,Not Applicable,Whitecap Resources Inc.,0489184,CARDIUM FM,CARDIUM FM,03-20-026-03W5,51.227923,-114.390382,Oil,2018-06-30,2018-07-14,2362.86,5538.0,Issued,2018-05-15,True,True,True,5.2999999999999545
NAL LOCHEND 16-4-27-3,100160402703W500,Oil,Active,Production,10,51.285327,-114.356767,2011-01-06,0275030416000,1225.5,1229.9,2011-05-06,0.0,110,COMMINGLED POOL 001,AB,LOCHEND,Horizontal,WHITECAP RESOURCES INC.,2011-05-06,0.0,NO ANALYSIS,HORIZONTAL,100/16-04-027-03W5/00,CRUDE OIL,Pumping,Not Applicable,Whitecap Resources Inc.,0429480,CARDIUM FM,CARDIUM FM,01-04-027-03W5,51.271449,-114.358065,Oil,2011-03-12,2011-04-04,2208.18,3650.0,Issued,2011-01-06,True,True,True,4.400000000000091
NAL LOCHEND 15-29-27-3,100152902703W500,Oil,Active,Production,10,51.343723,-114.386231,2013-08-28,0275032915000,1279.7,1285.3,2013-11-01,0.0,113,COMMINGLED POOL 001,AB,LOCHEND,Horizontal,WHITECAP RESOURCES INC.,2013-11-01,0.0,NO ANALYSIS,HORIZONTAL,100/15-29-027-03W5/00,CRUDE OIL,Pumping,Not Applicable,Whitecap Resources Inc.,0458909,CARDIUM FM,CARDIUM FM,14-20-027-03W5,51.328467,-114.389848,Oil,2013-09-14,2013-10-02,2289.93,3930.0,Issued,2013-08-28,True,True,True,5.599999999999909
WHITECAP LOCHEND 1-32-26-3,100013202603W500,None,Abandoned,Production,5,51.259394,-114.37582,2010-09-03,0265033201000,1280.7,1285.3,,2020.0,8,,AB,LOCHEND,Horizontal,,2010-10-17,,NO ANALYSIS,HORIZONTAL,100/01-32-026-03W5/00,Not Applicable,Abandoned & Whipstocked,Not Applicable,Whitecap Resources Inc.,0423219,CARDIUM SD,CARDIUM SD,01-32-026-03W5,51.257347,-114.375032,DRY OR ABANDONED,2010-09-29,2010-11-09,2295.76,2428.0,Amended,2011-10-13,True,True,True,4.599999999999909
NAL LOCHEND 15-25-27-4,100152502704W500,Oil,Active,Production,10,51.342814,-114.431614,2013-11-27,0275042515000,1277.3,1283.1,2014-09-02,0.0,39,COMMINGLED POOL 001,AB,LOCHEND,Horizontal,WHITECAP RESOURCES INC.,2014-09-02,0.0,NO ANALYSIS,HORIZONTAL,100/15-25-027-04W5/00,CRUDE OIL,Pumping,Not Applicable,Whitecap Resources Inc.,0461494,CARDIUM FM,CARDIUM FM,02-25-027-04W5,51.33092,-114.431948,Oil,2014-03-23,2014-04-05,2344.52,3542.0,Issued,2013-11-27,True,True,True,5.7999999999999545
NAL LOCHEND 3-34-26-3,100033402603W500,Oil,Active,Production,10,51.256941,-114.34071,2012-05-17,0265033403000,1261.5,1266.1,2012-11-16,0.0,621,COMMINGLED POOL 001,AB,LOCHEND,Horizontal,WHITECAP RESOURCES INC.,2012-11-16,,NO ANALYSIS,HORIZONTAL,100/03-34-026-03W5/00,CRUDE OIL,Pumping,Not Applicable,Whitecap Resources Inc.,0445951,CARDIUM FM,CARDIUM FM,15-34-026-03W5,51.269973,-114.337258,Oil,2012-09-04,2012-09-25,2230.98,3665.0,Issued,2012-05-17,True,True,True,4.599999999999909
NAL LOCHEND 1-17-26-3,100011702603W500,Oil,Active,Production,10,51.213405,-114.377038,2013-03-22,0265031701000,1283.3,1288.5,2013-12-01,0.0,113,COMMINGLED POOL 001,AB,LOCHEND,Horizontal,WHITECAP RESOURCES INC.,2013-12-01,,NO ANALYSIS,HORIZONTAL,100/01-17-026-03W5/00,CRUDE OIL,Pumping,Not Applicable,Whitecap Resources Inc.,0456089,CARDIUM SD,CARDIUM SD,01-20-026-03W5,51.22774,-114.375723,Oil,2013-10-25,2013-11-13,2322.23,3822.0,Issued,2013-03-22,True,True,True,5.2000000000000455
ONE-EX COCHRANE 6-20-27-4,100062002704W502,None,Abandoned,Production,5,51.319547,-114.53192,2005-11-29,0275042006002,1299.6,1304.5,,0.0,1,,AB,UNDEFINED,Vertical,,2016-11-15,,NO ANALYSIS,VERTICAL,100/06-20-027-04W5/02,Not Applicable,Abandoned,Not Applicable,ORLEN Upstream Canada Ltd.,0343788,MANNVILLE GRP,,06-20-027-04W5,51.319547,-114.53192,DRY OR ABANDONED,2006-02-09,2006-03-09,2860.0,2860.0,Abandoned,2016-11-15,True,True,True,4.900000000000091
NAL LOCHEND 13-27-26-3,100132702603W500,Oil,Active,Production,10,51.254764,-114.346412,2013-12-03,0265032713000,1239.7,1243.9,2014-05-15,0.0,546,COMMINGLED POOL 001,AB,LOCHEND,Horizontal,WHITECAP RESOURCES INC.,2014-05-15,0.0,NO ANALYSIS,HORIZONTAL,100/13-27-026-03W5/00,CRUDE OIL,Pumping,Not Applicable,Whitecap Resources Inc.,0461783,CARDIUM FM,CARDIUM FM,13-22-026-03W5,51.239054,-114.348066,Oil,2014-02-25,2014-03-15,2217.49,3825.0,Issued,2013-12-03,True,True,True,4.2000000000000455
RIDGEBACK LOCHEND 14-6-28-3,100140602803W500,Oil,Suspended,Production,14,51.371923,-114.415068,2012-09-12,0285030614000,1274.1,1275.8,2012-12-21,0.0,379,COMMINGLED POOL 001,AB,LOCHEND,Horizontal,BONAVISTA ENERGY CORPORATION,2020-05-01,0.0,NO ANALYSIS,HORIZONTAL,100/14-06-028-03W5/00,CRUDE OIL,Suspended,Not Applicable,Ridgeback Resources Inc.,0448388,CARDIUM SD,CARDIUM SD,13-31-027-03W5,51.357722,-114.41796,Suspended Oil,2012-11-19,2012-12-04,2320.46,3833.0,Suspension,2020-04-29,True,True,True,1.7000000000000455
DEML COCHRANE 5-13-26-4,100051302604W500,None,Abandoned,Production,5,51.218838,-114.442046,2005-08-19,0265041305000,1297.4,1300.8,,0.0,136,,AB,COCHRANE,Vertical,,2006-07-04,,NO ANALYSIS,VERTICAL,100/05-13-026-04W5/00,Not Applicable,Abandoned,Not Applicable,Direct Energy Marketing Limited,0336771,EDMONTON GRP,,05-13-026-04W5,51.218838,-114.442046,DRY OR ABANDONED,2005-09-02,2005-09-06,750.0,750.0,RecCertified,2012-04-28,True,True,True,3.3999999999998636
NAL LOCHEND 14-29-27-3,100142902703W500,Oil,Active,Production,10,51.343377,-114.39258,2011-01-28,0275032914000,1279.7,1284.4,2011-04-15,0.0,110,COMMINGLED POOL 001,AB,LOCHEND,Horizontal,WHITECAP RESOURCES INC.,2012-11-01,0.0,NO ANALYSIS,HORIZONTAL,100/14-29-027-03W5/00,CRUDE OIL,Pumping,Not Applicable,Whitecap Resources Inc.,0430895,CARDIUM FM,CARDIUM FM,14-20-027-03W5,51.328467,-114.389561,Oil,2011-02-05,2011-03-09,2302.2,3877.0,Issued,2011-01-28,True,True,True,4.7000000000000455
NAL LOCHEND 1-28-26-3,100162802603W502,Oil,Active,Production,10,51.25481,-114.35233,2013-12-03,0265032816002,1238.3,1243.7,2014-05-15,0.0,546,COMMINGLED POOL 001,AB,LOCHEND,Horizontal,WHITECAP RESOURCES INC.,2014-05-15,0.0,NO ANALYSIS,HORIZONTAL,100/16-28-026-03W5/02,CRUDE OIL,Pumping,Not Applicable,Whitecap Resources Inc.,0461782,CARDIUM FM,CARDIUM FM,13-22-026-03W5,51.239089,-114.348491,Oil,2014-01-15,2014-02-23,2225.14,3768.0,Amended,2014-04-08,True,True,True,5.400000000000091
NAL LOCHEND 4-4-27-3,100040402703W500,Oil,Active,Production,10,51.27271,-114.375544,2013-01-14,0275030404000,1254.8,1258.9,2013-07-01,0.0,624,COMMINGLED POOL 001,AB,LOCHEND,Horizontal,WHITECAP RESOURCES INC.,2013-07-01,0.0,NO ANALYSIS,HORIZONTAL,100/04-04-027-03W5/00,CRUDE OIL,Pumping,Not Applicable,Whitecap Resources Inc.,0453574,CARDIUM SD,CARDIUM SD,14-04-027-03W5,51.284797,-114.370865,Oil,2013-02-23,2013-03-20,2261.4,3655.0,Issued,2013-01-14,True,True,True,4.100000000000136
NAL LOCHEND 3-24-27-4,100032402704W500,Oil,Active,Production,10,51.315676,-114.438647,2013-11-27,0275042403000,1278.0,1282.6,2014-09-05,0.0,39,COMMINGLED POOL 001,AB,LOCHEND,Horizontal,WHITECAP RESOURCES INC.,2014-09-05,0.0,NO ANALYSIS,HORIZONTAL,100/03-24-027-04W5/00,CRUDE OIL,Pumping,Not Applicable,Whitecap Resources Inc.,0461492,CARDIUM FM,CARDIUM FM,02-25-027-04W5,51.330738,-114.432448,Oil,2014-04-21,2014-05-06,2353.23,3900.0,Issued,2013-11-27,True,True,True,4.599999999999909
NAL LOCHEND 15-19-27-3,100151902703W500,Oil,Active,Production,10,51.329099,-114.409329,2013-01-21,0275031915000,1274.0,1278.6,2013-04-29,0.0,113,COMMINGLED POOL 001,AB,LOCHEND,Horizontal,WHITECAP RESOURCES INC.,2013-04-29,0.0,NO ANALYSIS,HORIZONTAL,100/15-19-027-03W5/00,CRUDE OIL,Pumping,Not Applicable,Whitecap Resources Inc.,0453883,CARDIUM SD,CARDIUM SD,15-18-027-03W5,51.313832,-114.40874,Oil,2013-02-01,2013-02-19,2314.91,3876.0,Issued,2013-01-21,True,True,True,4.599999999999909
NAL LOCHEND 14-31-26-3,100033102603W502,Oil,Active,Production,10,51.258015,-114.410317,2013-04-18,0265033103002,1297.6,1302.7,2013-09-09,0.0,546,COMMINGLED POOL 001,AB,LOCHEND,Horizontal,WHITECAP RESOURCES INC.,2013-09-09,0.0,NO ANALYSIS,HORIZONTAL,100/03-31-026-03W5/02,CRUDE OIL,Pumping,Not Applicable,Whitecap Resources Inc.,0456254,CARDIUM SD,CARDIUM SD,03-06-027-03W5,51.271503,-114.413886,Oil,2013-06-07,2013-07-06,2348.04,3826.0,Amended,2013-10-07,True,True,True,5.100000000000136
RIDGEBACK HZ COCHRANE 1-12-26-4,102011202604W500,Oil,Active,Production,10,51.198714,-114.42228,2019-05-06,0265041201020,1279.5,1285.2,2020-01-06,0.0,23,CARDIUM D,AB,COCHRANE,Horizontal,WHITECAP RESOURCES INC.,2020-01-06,,NO ANALYSIS,HORIZONTAL,102/01-12-026-04W5/00,CRUDE OIL,Pumping,Not Applicable,Ridgeback Resources Inc.,0494387,CARDIUM FM,CARDIUM FM,02-24-026-04W5,51.227365,-114.428068,Oil,2019-10-10,2019-10-27,2374.16,5575.0,Issued,2019-05-06,True,True,True,5.7000000000000455
NAL LOCHEND 4-31-27-3,100043102703W500,Oil,Active,Production,10,51.344856,-114.421596,2013-02-01,0275033104000,1266.5,1271.2,2013-06-15,0.0,621,COMMINGLED POOL 001,AB,LOCHEND,Directional,BONAVISTA ENERGY CORPORATION,2013-06-15,0.0,NO ANALYSIS,DIRECTIONAL,100/04-31-027-03W5/00,CRUDE OIL,Pumping,Not Applicable,Whitecap Resources Inc.,0454472,CARDIUM SD,,14-31-027-03W5,51.356257,-114.415087,Oil,2013-02-23,2013-03-13,2323.95,3684.0,Issued,2013-02-01,True,True,True,4.7000000000000455
NAL LOCHEND 13-34-26-3,100043402603W502,Oil,Active,Production,10,51.25693,-114.345832,2014-02-04,0265033404002,1250.8,1255.7,2014-05-15,0.0,113,COMMINGLED POOL 001,AB,LOCHEND,Horizontal,WHITECAP RESOURCES INC.,2014-05-15,0.0,NO ANALYSIS,HORIZONTAL,100/04-34-026-03W5/02,CRUDE OIL,Pumping,Not Applicable,Whitecap Resources Inc.,0464666,CARDIUM FM,CARDIUM FM,04-03-027-03W5,51.272074,-114.349254,Oil,2014-02-19,2014-03-20,2227.71,3904.0,Amended,2014-06-11,True,True,True,4.900000000000091
HRR LOCHEND 16-26-27-4,100162602704W500,Oil,Active,Production,10,51.343721,-114.450085,2011-03-04,0275042616000,1299.7,1304.2,2011-07-10,0.0,511,COMMINGLED POOL 001,AB,LOCHEND,Horizontal,WHITECAP RESOURCES INC.,2011-07-10,,NO ANALYSIS,HORIZONTAL,100/16-26-027-04W5/00,CRUDE OIL,Flowing,Not Applicable,Hard Rock Resources Ltd.,0432121,CARDIUM FM,CARDIUM FM,01-26-027-04W5,51.331631,-114.450125,Oil,2011-03-12,2011-04-06,2387.55,3640.0,Issued,2011-03-04,True,True,True,4.5
NAL LOCHEND 4-22-26-3,100042202603W500,Oil,Active,Production,10,51.227941,-114.34684,2013-12-03,0265032204000,1240.0,1243.9,2014-05-15,0.0,546,COMMINGLED POOL 001,AB,LOCHEND,Horizontal,WHITECAP RESOURCES INC.,2014-05-15,0.0,NO ANALYSIS,HORIZONTAL,100/04-22-026-03W5/00,CRUDE OIL,Pumping,Not Applicable,Whitecap Resources Inc.,0461780,CARDIUM FM,CARDIUM FM,13-22-026-03W5,51.239036,-114.347853,Oil,2014-03-17,2014-03-30,2217.83,3369.0,Issued,2013-12-03,True,True,True,3.900000000000091
NAL LOCHEND 16-19-27-3,100161902703W500,Oil,Active,Production,10,51.328594,-114.403792,2011-05-17,0275031916000,1274.7,1280.2,2011-10-15,0.0,2,COMMINGLED POOL 001,AB,LOCHEND,Horizontal,WHITECAP RESOURCES INC.,2011-10-15,,NO ANALYSIS,HORIZONTAL,100/16-19-027-03W5/00,CRUDE OIL,Pumping,Not Applicable,Whitecap Resources Inc.,0433565,CARDIUM FM,CARDIUM FM,16-18-027-03W5,51.313827,-114.401191,Oil,2011-07-15,2011-08-12,2308.1,3840.0,Issued,2011-05-17,True,True,True,5.5
BEC HZ LOCHEND 15-2-28-4,100150202804W500,Oil,Active,Production,10,51.372704,-114.454033,2013-07-11,0285040215000,1244.5,1244.5,2013-09-13,0.0,638,COMMINGLED POOL 001,AB,LOCHEND,Horizontal,BONAVISTA ENERGY CORPORATION,2013-09-13,0.0,NO ANALYSIS,HORIZONTAL,100/15-02-028-04W5/00,CRUDE OIL,Pumping,Not Applicable,Bonavista Energy Corporation,0458001,CARDIUM FM,CARDIUM FM,16-35-027-04W5,51.357469,-114.448082,Oil,2013-07-20,2013-08-20,2318.95,4140.0,Issued,2013-07-11,False,True,True,0.0
RIDGEBACK LOCHEND 13-36-27-4,100133602704W500,Oil,Active,Production,10,51.357276,-114.443911,2012-07-03,0275043613000,1277.8,1283.5,2012-09-18,0.0,379,COMMINGLED POOL 001,AB,LOCHEND,Horizontal,BONAVISTA ENERGY CORPORATION,2013-03-27,,NO ANALYSIS,HORIZONTAL,100/13-36-027-04W5/00,CRUDE OIL,Pumping,Not Applicable,Ridgeback Resources Inc.,0446981,CARDIUM SD,CARDIUM SD,14-25-027-04W5,51.340334,-114.436851,Oil,2012-07-26,2012-08-14,2355.35,4199.0,Issued,2012-07-03,True,True,True,5.7000000000000455
ONE-EX COCHRANE 10-10-27-4,100101002704W500,Gas,Suspended,Production,12,51.29376,-114.480479,2006-08-10,0275041010000,1313.3,1317.8,2007-03-20,0.0,202,CARDIUM A,AB,COCHRANE,Directional,ORLEN UPSTREAM CANADA LTD.,2015-12-01,0.0,NO ANALYSIS,DIRECTIONAL,100/10-10-027-04W5/00,GAS,Suspended,Not Applicable,ORLEN Upstream Canada Ltd.,0361413,,CARDIUM,14-10-027-04W5,51.299516,-114.482841,Suspended Gas,2006-09-06,2006-09-22,2481.56,2596.0,Suspension,2017-05-11,True,True,True,4.5
NAL LOCHEND 14-31-26-3,100143102603W500,None,Abandoned,Production,5,51.268811,-114.410259,2013-04-18,0265033114000,1297.6,1302.7,,2343.8,546,,AB,LOCHEND,Horizontal,,2013-06-27,,NO ANALYSIS,HORIZONTAL,100/14-31-026-03W5/00,Not Applicable,Abandoned & Whipstocked,Not Applicable,Whitecap Resources Inc.,0456254,CARDIUM SD,CARDIUM SD,03-06-027-03W5,51.271503,-114.413886,DRY OR ABANDONED,2013-06-07,2013-07-06,2347.68,2621.0,Amended,2013-10-07,True,True,True,5.100000000000136
TRIOIL ET AL HZ COCHRANE 13-7-27-3,100130702703W500,Oil,Active,Production,10,51.298217,-114.421728,2011-09-19,0275030713000,1296.2,1298.6,2011-12-01,0.0,511,COMMINGLED POOL 001,AB,LOCHEND,Horizontal,WHITECAP RESOURCES INC.,2011-12-01,,NO ANALYSIS,HORIZONTAL,100/13-07-027-03W5/00,CRUDE OIL,Flowing,Not Applicable,ORLEN Upstream Canada Ltd.,0436926,CARDIUM FM,CARDIUM FM,13-06-027-03W5,51.284999,-114.418604,Oil,2011-10-05,2011-10-26,2346.48,3704.0,Issued,2011-09-19,True,True,True,2.3999999999998636
RIDGEBACK LOCHEND 2-8-27-3,100020802703W500,Oil,Active,Production,10,51.287544,-114.385769,2012-08-29,0275030802000,1260.9,1266.6,2012-10-09,0.0,379,COMMINGLED POOL 001,AB,LOCHEND,Horizontal,WHITECAP RESOURCES INC.,2012-11-22,0.0,NO ANALYSIS,HORIZONTAL,100/02-08-027-03W5/00,CRUDE OIL,Pumping,Not Applicable,Ridgeback Resources Inc.,0448070,CARDIUM SD,CARDIUM SD,01-17-027-03W5,51.30081,-114.382536,Oil,2012-09-06,2012-09-22,2279.34,3710.0,Issued,2012-08-29,True,True,True,5.699999999999818
TRIOIL HZ LOCHEND 14-28-27-4,100142802704W500,None,Abandoned,Production,5,51.343436,-114.511074,2013-08-19,0275042814000,1326.3,1330.9,,2120.0,94,,AB,LOCHEND,Horizontal,,2013-10-28,,NO ANALYSIS,HORIZONTAL,100/14-28-027-04W5/00,Not Applicable,Abandoned & Whipstocked,Not Applicable,ORLEN Upstream Canada Ltd.,0458674,CARDIUM FM,CARDIUM FM,13-28-027-04W5,51.343189,-114.513129,DRY OR ABANDONED,2013-10-19,2013-11-11,2478.45,2534.7,Suspension,2015-10-08,True,True,True,4.600000000000136
NAL HZ LOCHEND 1-16-26-3,100011602603W500,Oil,Active,Production,10,51.213393,-114.353735,2019-01-30,0265031601000,1285.9,1290.9,2019-09-24,0.0,43,COMMINGLED POOL 001,AB,LOCHEND,Horizontal,WHITECAP RESOURCES INC.,2019-09-24,,NO ANALYSIS,HORIZONTAL,100/01-16-026-03W5/00,CRUDE OIL,Pumping,Not Applicable,Whitecap Resources Inc.,0493653,CARDIUM FM,CARDIUM FM,03-33-026-03W5,51.256442,-114.363004,Oil,2019-07-05,2019-07-31,2287.74,7013.0,Amended,2019-06-11,True,True,True,5.0
NAL LOCHEND 13-9-27-3,100130902703W500,Oil,Active,Production,10,51.298776,-114.373684,2012-05-09,0275030913000,1255.0,1259.5,2012-09-23,0.0,2,COMMINGLED POOL 001,AB,LOCHEND,Horizontal,WHITECAP RESOURCES INC.,2012-09-23,,NO ANALYSIS,HORIZONTAL,100/13-09-027-03W5/00,CRUDE OIL,Pumping,Not Applicable,Whitecap Resources Inc.,0445750,CARDIUM FM,CARDIUM FM,14-04-027-03W5,51.284994,-114.370868,Oil,2012-07-11,2012-08-03,2258.34,3770.0,Issued,2012-05-09,True,True,True,4.5
BEC HZ LOCHEND 15-1-28-4,100150102804W500,Oil,Active,Production,10,51.371896,-114.432134,2013-06-11,0285040115000,1247.2,1247.2,2013-09-27,0.0,638,COMMINGLED POOL 001,AB,LOCHEND,Horizontal,BONAVISTA ENERGY CORPORATION,2017-10-01,0.0,NO ANALYSIS,HORIZONTAL,100/15-01-028-04W5/00,CRUDE OIL,Pumping,Not Applicable,Bonavista Energy Corporation,0457461,CARDIUM FM,CARDIUM FM,15-36-027-04W5,51.357665,-114.434042,Oil,2013-09-06,2013-09-20,2310.19,3800.0,Issued,2013-06-11,False,True,True,0.0
OUC HZ LOCHEND 8-11-26-3,100081102603W500,Oil,Active,Production,10,51.202789,-114.305594,2020-09-24,0265031108000,1284.1,1289.3,2021-03-06,0.0,225,COMMINGLED POOL 001,AB,LOCHEND,Horizontal,WHITECAP RESOURCES INC.,2021-03-06,,NO ANALYSIS,HORIZONTAL,100/08-11-026-03W5/00,CRUDE OIL,Pumping,Not Applicable,ORLEN Upstream Canada Ltd.,0498472,CARDIUM FM,CARDIUM FM,08-09-026-03W5,51.204103,-114.35218,Oil,2021-01-21,2021-02-07,2271.54,5446.0,Amended,2021-01-12,True,True,True,5.2000000000000455
NAL LOCHEND 15-20-27-3,100152002703W500,Oil,Active,Production,10,51.329083,-114.384333,2012-12-18,0275032015000,1266.2,1270.6,2013-04-28,0.0,39,COMMINGLED POOL 001,AB,LOCHEND,Horizontal,WHITECAP RESOURCES INC.,2013-04-28,0.0,NO ANALYSIS,HORIZONTAL,100/15-20-027-03W5/00,CRUDE OIL,Pumping,Not Applicable,Whitecap Resources Inc.,0452335,CARDIUM SD,CARDIUM SD,02-20-027-03W5,51.315684,-114.387878,Oil,2013-01-31,2013-02-19,2275.65,3748.0,Issued,2012-12-18,True,True,True,4.399999999999864
NAL LOCHEND 3-16-27-3,100031602703W500,Oil,Active,Production,10,51.302104,-114.369717,2013-06-14,0275031603000,1256.0,1261.1,2013-09-20,0.0,113,COMMINGLED POOL 001,AB,LOCHEND,Horizontal,WHITECAP RESOURCES INC.,2013-09-20,0.0,NO ANALYSIS,HORIZONTAL,100/03-16-027-03W5/00,CRUDE OIL,Pumping,Not Applicable,Whitecap Resources Inc.,0457514,CARDIUM FM,CARDIUM FM,04-21-027-03W5,51.317635,-114.375621,Oil,2013-07-23,2013-08-13,2253.45,3963.0,Amended,2013-07-04,True,True,True,5.099999999999909
SUPTST ET AL COCHRANE 10-12-27-4,100101202704W500,None,Abandoned,Production,5,51.294622,-114.432307,1967-07-13,0275041210000,1277.1,1281.4,,0.0,,,AB,COCHRANE,Vertical,,1967-09-02,,NO ANALYSIS,,100/10-12-027-04W5/00,Not Applicable,Abandoned,Not Applicable,Repsol Oil & Gas Canada Inc.,0032463,,,10-12-027-04W5,51.294622,-114.432307,DRY OR ABANDONED,1967-07-22,,3017.5,3017.5,RecCertified,1998-12-31,True,True,True,4.300000000000182
RIDGEBACK LOCHEND 1-8-27-3,100010802703W500,Oil,Active,Production,10,51.28758,-114.380141,2011-04-20,0275030801000,1262.4,1264.3,2011-09-19,0.0,184,COMMINGLED POOL 001,AB,LOCHEND,Horizontal,WHITECAP RESOURCES INC.,2011-09-19,,NO ANALYSIS,HORIZONTAL,100/01-08-027-03W5/00,CRUDE OIL,Flowing,Not Applicable,Ridgeback Resources Inc.,0433073,CARDIUM FM,CARDIUM FM,01-17-027-03W5,51.300809,-114.382106,Oil,2011-08-09,2011-09-02,2273.81,3634.0,Issued,2011-04-20,True,True,True,1.8999999999998636
NAL LOCHEND 16-6-28-3,100160602803W500,Oil,Active,Production,10,51.372672,-114.403805,2013-06-14,0285030616000,1258.2,1264.4,2013-08-01,0.0,621,COMMINGLED POOL 001,AB,LOCHEND,Horizontal,BONAVISTA ENERGY CORPORATION,2013-08-01,0.0,NO ANALYSIS,HORIZONTAL,100/16-06-028-03W5/00,CRUDE OIL,Pumping,Not Applicable,Whitecap Resources Inc.,0457516,CARDIUM SD,CARDIUM SD,15-31-027-03W5,51.357137,-114.410268,Oil,2013-06-25,2013-07-11,2294.58,4123.0,Issued,2013-06-14,True,True,True,6.2000000000000455
OUC HZ LOCHEND 9-11-26-3,100091102603W500,Oil,Active,Production,10,51.206807,-114.307196,2017-12-21,0265031109000,1282.4,1285.8,2018-07-03,0.0,28,COMMINGLED POOL 001,AB,LOCHEND,Horizontal,WHITECAP RESOURCES INC.,2018-07-03,,NO ANALYSIS,HORIZONTAL,100/09-11-026-03W5/00,CRUDE OIL,Flowing,Not Applicable,ORLEN Upstream Canada Ltd.,0487493,CARDIUM FM,CARDIUM FM,08-09-026-03W5,51.204358,-114.352618,Oil,2018-01-19,2018-02-10,2268.48,5331.0,Issued,2017-12-21,True,True,True,3.3999999999998636
NAL LOCHEND 15-18-27-3,100151802703W500,Oil,Active,Production,10,51.314565,-114.408053,2012-10-22,0275031815000,1263.4,1268.6,2013-01-22,0.0,621,COMMINGLED POOL 001,AB,LOCHEND,Horizontal,WHITECAP RESOURCES INC.,2013-01-22,0.0,NO ANALYSIS,HORIZONTAL,100/15-18-027-03W5/00,CRUDE OIL,Pumping,Not Applicable,Whitecap Resources Inc.,0449400,CARDIUM SD,CARDIUM SD,02-18-027-03W5,51.301369,-114.407696,Oil,2012-10-26,2012-11-17,2304.95,3667.0,Issued,2012-10-22,True,True,True,5.199999999999818
NAL LOCHEND 16-6-27-3,100160602703W500,Oil,Active,Production,10,51.284557,-114.40194,2012-06-28,0275030616000,1285.8,1289.7,2012-12-04,0.0,621,COMMINGLED POOL 001,AB,LOCHEND,Horizontal,WHITECAP RESOURCES INC.,2012-12-04,0.0,NO ANALYSIS,HORIZONTAL,100/16-06-027-03W5/00,CRUDE OIL,Pumping,Not Applicable,Whitecap Resources Inc.,0446929,CARDIUM FM,CARDIUM FM,04-05-027-03W5,51.272738,-114.397983,Oil,2012-09-27,2012-10-16,2326.8,3660.0,Issued,2012-06-28,True,True,True,3.900000000000091
TRIOIL HZ COCHRANE 2-36-26-4,100023602604W500,Oil,Active,Production,10,51.25681,-114.429222,2012-10-30,0265043602000,1298.6,1303.5,2012-12-01,0.0,54,COMMINGLED POOL 001,AB,LOCHEND,Horizontal,WHITECAP RESOURCES INC.,2012-12-01,,NO ANALYSIS,HORIZONTAL,100/02-36-026-04W5/00,CRUDE OIL,Flowing,Not Applicable,ORLEN Upstream Canada Ltd.,0449601,CARDIUM FM,CARDIUM FM,02-01-027-04W5,51.271602,-114.430037,Oil,2012-11-12,2012-12-01,2375.94,3915.0,Issued,2012-10-30,True,True,True,4.900000000000091
NAL LOCHEND 14-9-27-3,100140902703W500,Oil,Active,Production,10,51.298901,-114.369106,2013-01-14,0275030914000,1254.3,1259.0,2013-07-01,0.0,624,COMMINGLED POOL 001,AB,LOCHEND,Horizontal,WHITECAP RESOURCES INC.,2013-07-01,0.0,NO ANALYSIS,HORIZONTAL,100/14-09-027-03W5/00,CRUDE OIL,Pumping,Not Applicable,Whitecap Resources Inc.,0453575,CARDIUM SD,CARDIUM SD,14-04-027-03W5,51.284797,-114.370435,Oil,2013-01-30,2013-02-22,2256.15,3747.0,Issued,2013-01-14,True,True,True,4.7000000000000455
HRR LOCHEND 15-26-27-4,100152602704W500,Oil,Suspended,Production,14,51.343104,-114.458289,2012-01-04,0275042615000,1299.7,1305.1,2012-02-20,0.0,511,COMMINGLED POOL 001,AB,LOCHEND,Horizontal,WHITECAP RESOURCES INC.,2021-03-01,,NO ANALYSIS,HORIZONTAL,100/15-26-027-04W5/00,CRUDE OIL,Suspended,Not Applicable,Hard Rock Resources Ltd.,0442282,CARDIUM FM,CARDIUM FM,01-26-027-04W5,51.331632,-114.450555,Suspended Oil,2012-01-11,2012-01-28,2388.97,3670.0,Suspension,2016-09-22,True,True,True,5.399999999999864
NAL HZ LOCHEND 3-8-26-3,100030802603W500,Oil,Active,Production,10,51.198737,-114.388107,2018-05-15,0265030803000,1289.9,1295.2,2018-09-07,0.0,47,COMMINGLED POOL 001,AB,LOCHEND,Horizontal,WHITECAP RESOURCES INC.,2018-09-07,,NO ANALYSIS,HORIZONTAL,100/03-08-026-03W5/00,CRUDE OIL,Pumping,Not Applicable,Whitecap Resources Inc.,0489183,CARDIUM FM,CARDIUM FM,03-20-026-03W5,51.227923,-114.390024,Oil,2018-06-15,2018-06-29,2356.92,5480.0,Issued,2018-05-15,True,True,True,5.2999999999999545
NAL LOCHEND 2-7-27-3,100020702703W500,Oil,Active,Production,10,51.286707,-114.4086,2012-02-01,0275030702000,1265.4,1268.4,2012-05-16,0.0,2,COMMINGLED POOL 001,AB,LOCHEND,Horizontal,WHITECAP RESOURCES INC.,2012-05-16,,NO ANALYSIS,HORIZONTAL,100/02-07-027-03W5/00,CRUDE OIL,Pumping,Not Applicable,Whitecap Resources Inc.,0443637,CARDIUM FM,CARDIUM FM,02-18-027-03W5,51.301368,-114.407123,Oil,2012-03-17,2012-04-04,2309.99,3853.0,Amended,2012-02-07,True,True,True,3.0
RIDGEBACK LOCHEND 3-8-27-3,100030802703W500,Oil,Suspended,Production,14,51.287594,-114.39129,2012-09-14,0275030803000,1267.3,1273.0,2012-11-04,0.0,379,COMMINGLED POOL 001,AB,LOCHEND,Horizontal,WHITECAP RESOURCES INC.,2020-05-01,0.0,NO ANALYSIS,HORIZONTAL,100/03-08-027-03W5/00,CRUDE OIL,Suspended,Not Applicable,Ridgeback Resources Inc.,0448473,CARDIUM SD,CARDIUM SD,03-17-027-03W5,51.303056,-114.393989,Suspended Oil,2012-09-24,2012-10-11,2293.83,3883.0,Suspension,2020-04-29,True,True,True,5.7000000000000455
RIDGEBACK LOCHEND 4-8-27-3,100040802703W500,Oil,Active,Production,10,51.287579,-114.397083,2011-04-20,0275030804000,1267.3,1270.3,2011-10-05,0.0,184,COMMINGLED POOL 001,AB,LOCHEND,Horizontal,WHITECAP RESOURCES INC.,2011-10-05,,NO ANALYSIS,HORIZONTAL,100/04-08-027-03W5/00,CRUDE OIL,Flowing,Not Applicable,Ridgeback Resources Inc.,0433059,CARDIUM FM,CARDIUM FM,04-17-027-03W5,51.303058,-114.394419,Oil,2011-09-07,2011-09-25,2298.99,3879.0,Issued,2011-04-20,True,True,True,3.0
TRIOIL HZ COCHRANE 2-2-27-4,100020202704W500,None,Active,Production,8,51.284505,-114.448899,2013-12-02,0275040202000,1303.5,0.0,,0.0,,,AB,COCHRANE,Horizontal,,2013-12-02,0.0,NO ANALYSIS,HORIZONTAL,100/02-02-027-04W5/00,Not Applicable,Not Applicable,Not Applicable,ORLEN Upstream Canada Ltd.,0461711,CARDIUM FM,CARDIUM FM,16-02-027-04W5,51.284505,-114.448899,Location,,,0.0,0.0,Issued,2013-12-02,False,False,True,-1303.5
NAL LOCHEND 4-16-27-3,100041602703W500,Oil,Active,Production,10,51.302347,-114.375957,2011-05-12,0275031604000,1258.3,1262.3,2011-09-22,0.0,110,COMMINGLED POOL 001,AB,LOCHEND,Horizontal,WHITECAP RESOURCES INC.,2011-09-22,0.0,NO ANALYSIS,HORIZONTAL,100/04-16-027-03W5/00,CRUDE OIL,Pumping,Not Applicable,Whitecap Resources Inc.,0433504,CARDIUM SD,CARDIUM SD,04-21-027-03W5,51.317771,-114.375477,Oil,2011-07-06,2011-08-03,2258.89,3815.0,Issued,2011-05-12,True,True,True,4.0
TRIOIL HZ LOCHEND 1-31-26-3,100013102603W500,Oil,Active,Production,10,51.256833,-114.398688,2012-02-14,0265033101000,1280.2,1284.8,2012-03-20,0.0,511,COMMINGLED POOL 001,AB,LOCHEND,Horizontal,WHITECAP RESOURCES INC.,2012-03-20,,NO ANALYSIS,HORIZONTAL,100/01-31-026-03W5/00,CRUDE OIL,Flowing,Not Applicable,ORLEN Upstream Canada Ltd.,0444125,CARDIUM FM,CARDIUM FM,04-05-027-03W5,51.27175,-114.397267,Oil,2012-02-22,2012-03-15,2320.94,3873.0,Issued,2012-02-14,True,True,True,4.599999999999909
TRIOIL HZ COCHRANE 16-22-26-4,100162202604W500,Oil,Active,Production,10,51.240285,-114.468818,2014-12-18,0265042216000,1271.8,1276.4,2015-10-21,0.0,15,CARDIUM E,AB,COCHRANE,Horizontal,WHITECAP RESOURCES INC.,2015-10-21,,NO ANALYSIS,HORIZONTAL,100/16-22-026-04W5/00,CRUDE OIL,Flowing,Not Applicable,ORLEN Upstream Canada Ltd.,0473600,CARDIUM FM,CARDIUM FM,04-23-026-04W5,51.227732,-114.463957,Oil,2015-09-12,2015-09-28,2393.62,4028.0,Issued,2014-12-18,True,True,True,4.600000000000136
NAL LOCHEND 1-24-27-4,100012402704W500,Oil,Active,Production,10,51.315701,-114.425434,2013-11-27,0275042401000,1279.4,1282.7,2014-09-04,0.0,39,COMMINGLED POOL 001,AB,LOCHEND,Horizontal,WHITECAP RESOURCES INC.,2014-09-04,0.0,NO ANALYSIS,HORIZONTAL,100/01-24-027-04W5/00,CRUDE OIL,Pumping,Not Applicable,Whitecap Resources Inc.,0461490,CARDIUM FM,CARDIUM FM,02-25-027-04W5,51.33056,-114.431945,Oil,2014-02-13,2014-03-06,2340.62,4125.0,Issued,2013-11-27,True,True,True,3.2999999999999545
NAL HZ LOCHEND 13-20-26-3,102132002603W500,Oil,Active,Production,10,51.240239,-114.393881,2018-05-15,0265032013020,1289.9,1295.4,2018-09-08,0.0,47,COMMINGLED POOL 001,AB,LOCHEND,Horizontal,WHITECAP RESOURCES INC.,2018-09-08,,NO ANALYSIS,HORIZONTAL,102/13-20-026-03W5/00,CRUDE OIL,Pumping,Not Applicable,Whitecap Resources Inc.,0489185,CARDIUM FM,CARDIUM FM,03-20-026-03W5,51.227699,-114.390382,Oil,2018-07-15,2018-07-24,2345.15,3868.0,Issued,2018-05-15,True,True,True,5.5
NAL LOCHEND 14-20-26-3,100142002603W500,Oil,Active,Production,10,51.239813,-114.388615,2014-10-20,0265032014000,1291.3,1294.7,2015-02-25,0.0,621,COMMINGLED POOL 001,AB,LOCHEND,Horizontal,WHITECAP RESOURCES INC.,2015-02-25,0.0,NO ANALYSIS,HORIZONTAL,100/14-20-026-03W5/00,CRUDE OIL,Pumping,Not Applicable,Whitecap Resources Inc.,0470755,CARDIUM FM,CARDIUM FM,03-20-026-03W5,51.227923,-114.389666,Oil,2014-12-29,2015-01-14,2339.53,3573.0,Issued,2014-10-20,True,True,True,3.400000000000091
RIDGEBACK COCHRANE 3-11-26-4,100031102604W500,Oil,Active,Production,10,51.198991,-114.457901,2014-05-29,0265041103000,1274.4,1279.3,2014-10-11,0.0,309,CARDIUM E,AB,COCHRANE,Horizontal,WHITECAP RESOURCES INC.,2014-11-05,0.0,NO ANALYSIS,HORIZONTAL,100/03-11-026-04W5/00,CRUDE OIL,Pumping,Not Applicable,Ridgeback Resources Inc.,0466947,CARDIUM FM,CARDIUM FM,04-23-026-04W5,51.227728,-114.461953,Oil,2014-08-13,2014-09-10,2403.46,5512.0,Issued,2014-05-29,True,True,True,4.899999999999864
NAL LOCHEND 14-20-27-3,100142002703W500,Oil,Active,Production,10,51.328724,-114.389069,2010-06-01,0275032014000,1267.0,1272.8,2011-09-01,0.0,2,COMMINGLED POOL 001,AB,LOCHEND,Horizontal,WHITECAP RESOURCES INC.,2011-09-01,,NO ANALYSIS,HORIZONTAL,100/14-20-027-03W5/00,CRUDE OIL,Pumping,Not Applicable,Whitecap Resources Inc.,0420823,CARDIUM FM,CARDIUM FM,03-20-027-03W5,51.316333,-114.389271,Oil,2011-06-25,2011-07-14,2282.0,3560.0,Issued,2010-06-01,True,True,True,5.7999999999999545
NAL LOCHEND 14-18-27-3,100141802703W500,Oil,Active,Production,10,51.313341,-114.412372,2012-02-01,0275031814000,1261.9,1268.4,2012-05-18,0.0,2,COMMINGLED POOL 001,AB,LOCHEND,Horizontal,WHITECAP RESOURCES INC.,2012-05-18,,NO ANALYSIS,HORIZONTAL,100/14-18-027-03W5/00,CRUDE OIL,Pumping,Not Applicable,Whitecap Resources Inc.,0443636,CARDIUM FM,CARDIUM FM,02-18-027-03W5,51.301369,-114.40827,Oil,2012-02-22,2012-03-16,2311.91,3670.0,Issued,2012-02-01,True,True,True,6.5
RIDGEBACK LOCHEND 14-36-27-4,100143602704W500,Oil,Active,Production,10,51.357278,-114.438132,2013-05-08,0275043614000,1279.3,1283.2,2013-08-18,0.0,652,COMMINGLED POOL 001,AB,LOCHEND,Horizontal,BONAVISTA ENERGY CORPORATION,2013-10-06,0.0,NO ANALYSIS,HORIZONTAL,100/14-36-027-04W5/00,CRUDE OIL,Pumping,Not Applicable,Ridgeback Resources Inc.,0456809,CARDIUM SD,CARDIUM SD,14-25-027-04W5,51.340321,-114.43599,Oil,2013-07-04,2013-07-16,2350.71,4039.0,Issued,2013-05-08,True,True,True,3.900000000000091
TRIOIL HZ LOCHEND 3-36-26-4,100033602604W500,Oil,Active,Production,10,51.256633,-114.434794,2013-05-06,0265043603000,1298.2,1303.5,2014-05-01,0.0,94,COMMINGLED POOL 001,AB,LOCHEND,Horizontal,WHITECAP RESOURCES INC.,2014-05-01,,NO ANALYSIS,HORIZONTAL,100/03-36-026-04W5/00,CRUDE OIL,Flowing,Not Applicable,ORLEN Upstream Canada Ltd.,0456719,CARDIUM FM,CARDIUM FM,02-01-027-04W5,51.271602,-114.430467,Oil,2014-02-17,2014-03-11,2379.23,4063.0,Issued,2013-05-06,True,True,True,5.2999999999999545
OUC HZ LOCHEND 10-33-25-3,100103302503W500,Oil,Active,Production,10,51.176847,-114.359254,2020-09-24,0255033310000,1284.1,1289.9,2022-01-25,0.0,689,,AB,LOCHEND,Horizontal,WHITECAP RESOURCES INC.,2022-01-25,,NO ANALYSIS,HORIZONTAL,100/10-33-025-03W5/00,CRUDE OIL,Flowing,Not Applicable,ORLEN Upstream Canada Ltd.,0498471,CARDIUM FM,CARDIUM FM,08-09-026-03W5,51.203826,-114.352598,Oil,2021-11-26,2021-12-13,2301.15,5599.0,Amended,2021-10-28,True,True,True,5.800000000000182
NAL LOCHEND 13-20-27-3,100132002703W500,Oil,Active,Production,10,51.329124,-114.395962,2012-12-11,0275032013000,1274.5,1279.4,2013-03-04,0.0,113,COMMINGLED POOL 001,AB,LOCHEND,Horizontal,WHITECAP RESOURCES INC.,2013-03-04,0.0,NO ANALYSIS,HORIZONTAL,100/13-20-027-03W5/00,CRUDE OIL,Pumping,Not Applicable,Whitecap Resources Inc.,0451875,CARDIUM SD,CARDIUM SD,16-18-027-03W5,51.313791,-114.400811,Oil,2013-01-08,2013-01-30,2298.77,4001.0,Issued,2012-12-11,True,True,True,4.900000000000091
NAL LOCHEND 1-7-27-3,100010702703W500,Oil,Active,Production,10,51.286676,-114.402957,2012-02-23,0275030701000,1275.2,1280.3,2012-07-27,0.0,2,COMMINGLED POOL 001,AB,LOCHEND,Horizontal,WHITECAP RESOURCES INC.,2012-07-27,0.0,NO ANALYSIS,HORIZONTAL,100/01-07-027-03W5/00,CRUDE OIL,Pumping,Not Applicable,Whitecap Resources Inc.,0444389,CARDIUM FM,CARDIUM FM,13-08-027-03W5,51.299239,-114.398289,Oil,2012-05-05,2012-05-28,2312.54,3764.0,Issued,2012-02-23,True,True,True,5.099999999999909
RIDGEBACK LOCHEND 14-19-27-3,100141902703W500,Oil,Active,Production,10,51.329008,-114.414697,2011-08-08,0275031914000,1270.2,1273.5,2011-10-29,0.0,184,COMMINGLED POOL 001,AB,LOCHEND,Horizontal,WHITECAP RESOURCES INC.,2012-02-27,0.0,NO ANALYSIS,HORIZONTAL,100/14-19-027-03W5/00,CRUDE OIL,Pumping,Not Applicable,Ridgeback Resources Inc.,0435815,CARDIUM SD,CARDIUM SD,15-18-027-03W5,51.314095,-114.410682,Oil,2011-09-27,2011-10-13,2320.04,3957.0,Issued,2011-08-08,True,True,True,3.2999999999999545
BEC HZ LOCHEND 4-1-28-4,100040102804W500,Oil,Active,Production,10,51.359451,-114.443588,2014-07-08,0285040104000,1249.6,1249.6,2014-10-27,0.0,638,COMMINGLED POOL 001,AB,LOCHEND,Horizontal,BONAVISTA ENERGY CORPORATION,2019-12-01,0.0,NO ANALYSIS,HORIZONTAL,100/04-01-028-04W5/00,CRUDE OIL,Pumping,Not Applicable,Bonavista Energy Corporation,0467936,CARDIUM FM,CARDIUM FM,01-11-028-04W5,51.373461,-114.448078,Oil,2014-10-01,2014-10-17,2316.88,3816.0,Issued,2014-07-08,False,True,True,0.0
NAL LOCHEND 2-17-27-3,100021702703W500,Oil,Active,Production,10,51.301532,-114.384848,2012-12-18,0275031702000,1265.7,1270.8,2013-08-01,0.0,621,COMMINGLED POOL 001,AB,LOCHEND,Horizontal,WHITECAP RESOURCES INC.,2013-08-01,0.0,NO ANALYSIS,HORIZONTAL,100/02-17-027-03W5/00,CRUDE OIL,Pumping,Not Applicable,Whitecap Resources Inc.,0452334,CARDIUM SD,CARDIUM SD,02-20-027-03W5,51.315414,-114.387879,Oil,2013-07-12,2013-07-27,2279.23,3798.0,Issued,2012-12-18,True,True,True,5.099999999999909
CANHUNTER ET AL COCHRANE 14-20-27-4,100142002704W500,None,Abandoned,Production,5,51.325985,-114.532862,1988-03-01,0275042014000,1311.0,1315.6,,0.0,7,,AB,UNDEFINED,Vertical,,1988-03-22,,NO ANALYSIS,,100/14-20-027-04W5/00,Not Applicable,Abandoned,Not Applicable,ConocoPhillips Canada Resources Corp.,0132740,BLACKSTONE FM,,14-20-027-04W5,51.325985,-114.532862,DRY OR ABANDONED,1988-03-04,1988-03-23,2550.0,2550.0,RecCertified,1998-12-31,True,True,True,4.599999999999909
NATIONAL OIL & GAS NO. 1,100051102604W500,None,Abandoned,Production,5,51.203244,-114.463695,1932-01-01,0265041105000,1159.0,1162.0,,0.0,,,AB,COCHRANE,Vertical,,1915-12-31,,NO ANALYSIS,,100/05-11-026-04W5/00,Not Applicable,Abandoned,Not Applicable,National Oil & Gas Company Limited,X0000252,,,05-11-026-04W5,51.203244,-114.463695,DRY OR ABANDONED,1914-01-01,,426.7,426.7,RecExempt,1915-12-31,True,True,True,3.0
NAL LOCHEND 13-21-26-3,100132102603W500,Oil,Active,Production,10,51.240179,-114.370677,2013-03-22,0265032113000,1285.0,1288.5,2014-03-01,0.0,113,COMMINGLED POOL 001,AB,LOCHEND,Horizontal,WHITECAP RESOURCES INC.,2014-03-01,0.0,NO ANALYSIS,HORIZONTAL,100/13-21-026-03W5/00,CRUDE OIL,Pumping,Not Applicable,Whitecap Resources Inc.,0456091,CARDIUM SD,CARDIUM SD,01-20-026-03W5,51.22792,-114.375293,Oil,2014-01-04,2014-01-19,2303.66,3678.0,Issued,2013-03-22,True,True,True,3.5
NAL LOCHEND 6-21-26-3,100062102603W500,Oil,Active,Production,10,51.233361,-114.365467,1982-03-18,0265032106000,1280.9,1284.9,1983-04-01,0.0,,COMMINGLED POOL 001,AB,LOCHEND,Vertical,WHITECAP RESOURCES INC.,1990-03-01,0.0,NO ANALYSIS,,100/06-21-026-03W5/00,CRUDE OIL,Pumping,Not Applicable,Whitecap Resources Inc.,0095591,,CARDIUM SD,06-21-026-03W5,51.233361,-114.365467,Oil,1982-12-12,,2340.0,2340.0,Issued,1982-03-18,True,True,True,4.0
NAL HZ LOCHEND 2-16-26-3,100021602603W500,Oil,Active,Production,10,51.213369,-114.359329,2019-01-31,0265031602000,1285.8,1290.9,2019-09-24,0.0,43,COMMINGLED POOL 001,AB,LOCHEND,Horizontal,WHITECAP RESOURCES INC.,2019-09-24,,NO ANALYSIS,HORIZONTAL,100/02-16-026-03W5/00,CRUDE OIL,Pumping,Not Applicable,Whitecap Resources Inc.,0493654,CARDIUM FM,CARDIUM FM,03-33-026-03W5,51.256443,-114.363434,Oil,2019-08-02,2019-08-23,2295.79,7002.0,Amended,2019-08-09,True,True,True,5.100000000000136
OUC COCHRANE 2-34-26-4,100023402604W500,Oil,Suspended,Production,14,51.257186,-114.475685,2013-12-02,0265043402000,1318.5,1323.5,2015-10-01,0.0,15,CARDIUM G,AB,COCHRANE,Horizontal,ORLEN UPSTREAM CANADA LTD.,2016-11-01,0.0,NO ANALYSIS,HORIZONTAL,100/02-34-026-04W5/00,CRUDE OIL,Suspended,Not Applicable,ORLEN Upstream Canada Ltd.,0461752,CARDIUM FM,CARDIUM FM,03-03-027-04W5,51.272894,-114.482911,Suspended Oil,2015-08-20,2015-09-05,2433.6,4081.0,Suspension,2017-05-11,True,True,True,5.0
TAC HZ LOCHEND 1-29-26-3,100012902603W500,Oil,Active,Production,10,51.244989,-114.374647,2010-10-06,0265032901000,1280.7,1285.9,2011-06-18,0.0,91,COMMINGLED POOL 001,AB,LOCHEND,Horizontal,WHITECAP RESOURCES INC.,2011-07-21,,NO ANALYSIS,HORIZONTAL,100/01-29-026-03W5/00,CRUDE OIL,Pumping,Not Applicable,Whitecap Resources Inc.,0424245,CARDIUM SD,CARDIUM SD,01-32-026-03W5,51.257481,-114.374888,Oil,2011-03-31,2011-04-20,2298.85,3655.0,Amended,2011-10-12,True,True,True,5.2000000000000455
CROSSROADS ET AL LOCHEND 4-27-27-3,100042702703W500,Oil,Active,Production,10,51.331162,-114.350251,1965-09-09,0275032704000,1262.2,1265.8,1965-11-14,0.0,,COMMINGLED POOL 001,AB,LOCHEND,Vertical,HARD ROCK RESOURCES LTD.,1975-06-04,0.0,NO ANALYSIS,,100/04-27-027-03W5/00,CRUDE OIL,Pumping,Not Applicable,Hard Rock Resources Ltd.,0028930,,LOWER CARDIUM,04-27-027-03W5,51.331162,-114.350251,Oil,1965-10-07,,2270.8,2270.8,Issued,1965-09-09,True,True,True,3.599999999999909
NAL LOCHEND 13-29-27-3,100132902703W500,Oil,Active,Production,10,51.34361,-114.399362,2012-02-16,0275032913000,1279.7,1285.3,2012-09-14,0.0,7,COMMINGLED POOL 001,AB,LOCHEND,Horizontal,WHITECAP RESOURCES INC.,2012-09-14,0.0,NO ANALYSIS,HORIZONTAL,100/13-29-027-03W5/00,CRUDE OIL,Pumping,Not Applicable,Whitecap Resources Inc.,0444236,CARDIUM FM,CARDIUM FM,14-20-027-03W5,51.328058,-114.38929,Oil,2012-07-07,2012-08-07,2308.64,4061.0,Amended,2012-05-28,True,True,True,5.599999999999909
NAL LOCHEND 4-24-27-4,100042402704W500,Oil,Active,Production,10,51.316909,-114.444924,2012-10-25,0275042404000,1291.2,1295.0,2013-04-30,0.0,621,COMMINGLED POOL 001,AB,LOCHEND,Horizontal,WHITECAP RESOURCES INC.,2013-04-30,,NO ANALYSIS,HORIZONTAL,100/04-24-027-04W5/00,CRUDE OIL,Pumping,Not Applicable,Whitecap Resources Inc.,0449447,CARDIUM FM,CARDIUM FM,04-25-027-04W5,51.331896,-114.443902,Oil,2012-12-29,2013-01-21,2370.82,3862.0,Amended,2012-12-11,True,True,True,3.7999999999999545
OUC HZ LOCHEND 9-33-25-3,100093302503W500,Oil,Active,Production,10,51.176882,-114.35345,2020-09-24,0255033309000,1284.1,1289.9,2022-01-25,0.0,689,,AB,LOCHEND,Horizontal,WHITECAP RESOURCES INC.,2022-01-25,,NO ANALYSIS,HORIZONTAL,100/09-33-025-03W5/00,CRUDE OIL,Flowing,Not Applicable,ORLEN Upstream Canada Ltd.,0498473,CARDIUM FM,CARDIUM FM,08-09-026-03W5,51.203833,-114.352169,Oil,2021-11-07,2021-11-25,2296.79,5485.0,Amended,2021-10-26,True,True,True,5.800000000000182
TRIOIL ET AL HZ COCHRANE 14-7-27-3,100140702703W500,Oil,Active,Production,10,51.299114,-114.413405,2011-09-26,0275030714000,1295.0,1298.5,2011-12-17,0.0,511,COMMINGLED POOL 001,AB,LOCHEND,Horizontal,WHITECAP RESOURCES INC.,2011-12-17,,NO ANALYSIS,HORIZONTAL,100/14-07-027-03W5/00,CRUDE OIL,Flowing,Not Applicable,ORLEN Upstream Canada Ltd.,0437164,CARDIUM FM,CARDIUM FM,13-06-027-03W5,51.284999,-114.418246,Oil,2011-10-27,2011-12-03,2342.98,3890.0,Issued,2011-09-26,True,True,True,3.5
NAL LOCHEND 2-31-27-3,100023102703W500,Oil,Active,Production,10,51.344896,-114.408367,2013-02-01,0275033102000,1258.2,1264.4,2013-07-01,0.0,621,COMMINGLED POOL 001,AB,LOCHEND,Horizontal,BONAVISTA ENERGY CORPORATION,2013-07-01,0.0,NO ANALYSIS,HORIZONTAL,100/02-31-027-03W5/00,CRUDE OIL,Pumping,Not Applicable,Whitecap Resources Inc.,0454514,CARDIUM SD,CARDIUM SD,15-31-027-03W5,51.357137,-114.410268,Oil,2013-06-07,2013-06-22,2302.63,3598.0,Issued,2013-02-01,True,True,True,6.2000000000000455
NAL LOCHEND 13-21-27-3,100132102703W500,Oil,Active,Production,10,51.328187,-114.374909,2013-06-14,0275032113000,1256.0,1261.1,2013-09-20,0.0,113,COMMINGLED POOL 001,AB,LOCHEND,Horizontal,WHITECAP RESOURCES INC.,2013-09-20,0.0,NO ANALYSIS,HORIZONTAL,100/13-21-027-03W5/00,CRUDE OIL,Pumping,Not Applicable,Whitecap Resources Inc.,0457515,CARDIUM FM,CARDIUM FM,04-21-027-03W5,51.317636,-114.37519,Oil,2013-07-04,2013-07-21,2251.94,3323.0,Issued,2013-06-14,True,True,True,5.099999999999909
RIDGEBACK LOCHEND 4-5-27-3,100040502703W500,Oil,Active,Production,10,51.271819,-114.398213,2011-08-30,0275030504000,1270.1,1273.7,2011-11-16,0.0,184,COMMINGLED POOL 001,AB,LOCHEND,Horizontal,WHITECAP RESOURCES INC.,2011-11-16,,NO ANALYSIS,HORIZONTAL,100/04-05-027-03W5/00,CRUDE OIL,Flowing,Not Applicable,Ridgeback Resources Inc.,0436429,CARDIUM SD,CARDIUM SD,03-08-027-03W5,51.288587,-114.393415,Oil,2011-10-15,2011-11-04,2305.56,4140.0,Issued,2011-08-30,True,True,True,3.6000000000001364
TRIOIL ET AL LOCHEND 15-30-26-3,100153002603W500,Oil,Active,Production,10,51.252894,-114.407778,2011-03-18,0265033015000,1307.4,1310.5,2012-02-01,0.0,511,COMMINGLED POOL 001,AB,LOCHEND,Horizontal,ORLEN UPSTREAM CANADA LTD.,2016-09-01,,NO ANALYSIS,HORIZONTAL,100/15-30-026-03W5/00,CRUDE OIL,Pumping,Not Applicable,ORLEN Upstream Canada Ltd.,0432452,CARDIUM FM,CARDIUM FM,15-19-026-03W5,51.240509,-114.407781,Oil,2011-12-15,2012-01-04,2367.36,3625.0,Suspension,2016-04-03,True,True,True,3.099999999999909
RIDGEBACK LOCHEND 14-30-27-3,100143002703W500,Oil,Active,Production,10,51.342835,-114.414554,2013-05-07,0275033014000,1266.4,1271.0,2013-11-27,0.0,309,COMMINGLED POOL 001,AB,LOCHEND,Horizontal,BONAVISTA ENERGY CORPORATION,2014-02-01,0.0,NO ANALYSIS,HORIZONTAL,100/14-30-027-03W5/00,CRUDE OIL,Pumping,Not Applicable,Ridgeback Resources Inc.,0456771,CARDIUM SD,CARDIUM SD,14-19-027-03W5,51.327985,-114.412784,Oil,2013-10-23,2013-11-04,2320.49,3863.0,Amended,2013-05-16,True,True,True,4.599999999999909
ONE-EX BOTTREL 4-29-27-4,100042902704W500,None,Location,Production,8,51.331577,-114.539712,2006-06-23,0275042904000,1313.9,1318.2,,0.0,202,,AB,BOTTREL,Directional,,2006-08-22,0.0,NO ANALYSIS,DIRECTIONAL,100/04-29-027-04W5/00,Not Applicable,Drilled & Cased,Not Applicable,ORLEN Upstream Canada Ltd.,0359415,MANNVILLE GRP,,05-29-027-04W5,51.335584,-114.539782,Location,2006-08-03,2006-08-24,2847.48,2905.0,Suspension,2017-05-16,True,True,True,4.2999999999999545
WHITECAP LOCHEND 4-29-26-3,100042902603W500,Oil,Active,Production,10,51.24221,-114.393193,2019-02-01,0265032904000,1289.1,1292.7,2019-04-08,0.0,2,COMMINGLED POOL 001,AB,LOCHEND,Horizontal,WHITECAP RESOURCES INC.,2019-04-08,,NO ANALYSIS,HORIZONTAL,100/04-29-026-03W5/00,CRUDE OIL,Pumping,Not Applicable,Whitecap Resources Inc.,0493676,CARDIUM FM,CARDIUM FM,04-05-027-03W5,51.271739,-114.399007,Oil,2019-03-06,2019-03-17,2342.72,5676.0,Issued,2019-02-01,True,True,True,3.6000000000001364
NAL LOCHEND 1-28-26-3,100012802603W500,None,Abandoned,Production,5,51.24266,-114.352383,2013-12-03,0265032801000,1238.3,1243.7,,550.0,546,,AB,LOCHEND,Horizontal,,2014-02-08,,NO ANALYSIS,HORIZONTAL,100/01-28-026-03W5/00,Not Applicable,Abandoned & Whipstocked,Not Applicable,Whitecap Resources Inc.,0461782,CARDIUM FM,CARDIUM FM,13-22-026-03W5,51.239089,-114.348491,DRY OR ABANDONED,2014-01-15,2014-02-23,2222.54,2559.0,Amended,2014-04-08,True,True,True,5.400000000000091
NAL COCHRANE 7-2-27-4,100070202704W500,None,Location,Production,8,51.276182,-114.455486,2007-10-25,0275040207000,1302.4,1306.2,,0.0,30,,AB,COCHRANE,Directional,,2007-11-22,,NO ANALYSIS,DIRECTIONAL,100/07-02-027-04W5/00,Not Applicable,Drilled & Cased,Not Applicable,Whitecap Resources Inc.,0383736,BLACKSTONE FM,,14-35-026-04W5,51.269827,-114.459468,Location,2007-11-09,2007-11-25,2432.03,2579.0,Suspension,2009-11-05,True,True,True,3.7999999999999545
NAL LOCHEND 1-18-27-3,100011802703W500,Oil,Active,Production,10,51.302371,-114.403365,2011-04-15,0275031801000,1274.7,1280.2,2011-10-15,0.0,2,COMMINGLED POOL 001,AB,LOCHEND,Horizontal,WHITECAP RESOURCES INC.,2011-10-15,,NO ANALYSIS,HORIZONTAL,100/01-18-027-03W5/00,CRUDE OIL,Pumping,Not Applicable,Whitecap Resources Inc.,0433034,CARDIUM FM,CARDIUM FM,16-18-027-03W5,51.313827,-114.401621,Oil,2011-08-12,2011-09-02,2314.92,3500.0,Issued,2011-04-15,True,True,True,5.5
CONTINENTAL ET AL LOCHEND 4-22-27-3,100042202703W500,Oil,Active,Production,10,51.316514,-114.350246,1964-11-30,0275032204000,1264.0,1268.0,1965-02-01,0.0,,COMMINGLED POOL 001,AB,LOCHEND,Vertical,HARD ROCK RESOURCES LTD.,1994-10-01,0.0,NO ANALYSIS,,100/04-22-027-03W5/00,CRUDE OIL,Flowing,Not Applicable,Hard Rock Resources Ltd.,0027256,,LOWER CARDIUM,04-22-027-03W5,51.316514,-114.350246,Oil,1964-12-10,,2281.4,2281.4,Issued,1964-11-30,True,True,True,4.0
RIDGEBACK LOCHEND 3-5-27-3,102030502703W500,Oil,Active,Production,10,51.272812,-114.393324,2013-12-11,0275030503020,1269.5,1274.4,2014-02-20,0.0,309,COMMINGLED POOL 001,AB,LOCHEND,Horizontal,WHITECAP RESOURCES INC.,2014-03-15,0.0,NO ANALYSIS,HORIZONTAL,102/03-05-027-03W5/00,CRUDE OIL,Pumping,Not Applicable,Ridgeback Resources Inc.,0462236,CARDIUM FM,CARDIUM FM,03-08-027-03W5,51.288587,-114.392985,Oil,2014-01-18,2014-02-01,2301.33,3887.0,Issued,2013-12-11,True,True,True,4.900000000000091
NAL HZ LOCHEND 3-22-26-3,100032202603W500,Oil,Active,Production,10,51.227894,-114.342578,2018-06-07,0265032203000,1242.8,1247.4,2018-10-30,0.0,47,COMMINGLED POOL 001,AB,LOCHEND,Horizontal,WHITECAP RESOURCES INC.,2018-10-30,,NO ANALYSIS,HORIZONTAL,100/03-22-026-03W5/00,CRUDE OIL,Pumping,Not Applicable,Whitecap Resources Inc.,0489492,CARDIUM FM,CARDIUM FM,02-34-026-03W5,51.256761,-114.336995,Oil,2018-07-26,2018-08-07,2218.41,5444.0,Issued,2018-06-07,True,True,True,4.600000000000136
NAL LOCHEND 8-33-26-3,100083302603W500,Oil,Active,Production,10,51.261076,-114.351083,2011-05-06,0265033308000,1251.3,1256.3,2011-08-06,0.0,2,COMMINGLED POOL 001,AB,LOCHEND,Horizontal,WHITECAP RESOURCES INC.,2011-08-06,,NO ANALYSIS,HORIZONTAL,100/08-33-026-03W5/00,CRUDE OIL,Pumping,Not Applicable,Whitecap Resources Inc.,0433357,CARDIUM SD,CARDIUM SD,04-03-027-03W5,51.272072,-114.350396,Oil,2011-05-13,2011-05-31,2231.57,3350.0,Issued,2011-05-06,True,True,True,5.0
ONE-EX COCHRANE 6-20-27-4,100062002704W500,None,Abandoned,Production,5,51.319547,-114.53192,2005-11-29,0275042006000,1299.6,1304.5,,0.0,1,,AB,UNDEFINED,Vertical,,2007-10-26,,NO ANALYSIS,VERTICAL,100/06-20-027-04W5/00,Not Applicable,Abandoned Zone,Not Applicable,ORLEN Upstream Canada Ltd.,0343788,MANNVILLE GRP,,06-20-027-04W5,51.319547,-114.53192,DRY OR ABANDONED,2006-02-09,2006-03-09,2860.0,2860.0,Abandoned,2016-11-15,True,True,True,4.900000000000091
TRIOIL HZ LOCHEND 3-28-27-4,100032802704W502,None,Location,Production,8,51.330273,-114.508303,2013-08-19,0275042803002,1326.3,1330.9,,0.0,94,,AB,LOCHEND,Horizontal,,2013-11-07,,NO ANALYSIS,HORIZONTAL,100/03-28-027-04W5/02,Not Applicable,Drilled & Cased,Not Applicable,ORLEN Upstream Canada Ltd.,0458674,CARDIUM FM,CARDIUM FM,13-28-027-04W5,51.343189,-114.513129,Location,2013-10-19,2013-11-11,2476.25,3998.0,Suspension,2015-10-08,True,True,True,4.600000000000136
RIDGEBACK COCHRANE 8-14-26-4,100081402604W502,None,Abandoned,Production,5,51.218835,-114.444377,2002-05-22,0265041408002,1298.0,1302.0,,0.0,,,AB,COCHRANE,Vertical,,2002-06-07,,NO ANALYSIS,,100/08-14-026-04W5/02,Not Applicable,Abandoned Zone,Not Applicable,Ridgeback Resources Inc.,0270194,SECOND WHITE SPECKS,,08-14-026-04W5,51.218835,-114.444377,DRY OR ABANDONED,2002-05-26,2002-06-06,2600.0,2600.0,Abandoned,2007-08-16,True,True,True,4.0
WHITECAP LOCHEND 1-32-26-3,100163202603W502,Oil,Active,Production,10,51.270402,-114.375273,2010-09-03,0265033216002,1280.7,1285.3,2010-11-21,0.0,8,COMMINGLED POOL 001,AB,LOCHEND,Horizontal,WHITECAP RESOURCES INC.,2010-11-21,,NO ANALYSIS,HORIZONTAL,100/16-32-026-03W5/02,CRUDE OIL,Pumping,Not Applicable,Whitecap Resources Inc.,0423219,CARDIUM SD,CARDIUM SD,01-32-026-03W5,51.257347,-114.375032,Oil,2010-09-29,2010-11-09,2294.94,3642.0,Amended,2011-10-13,True,True,True,4.599999999999909
NAL LOCHEND 2-17-26-3,102021702603W500,Oil,Active,Production,10,51.213486,-114.38292,2014-10-16,0265031702020,1283.2,1288.1,2015-02-17,0.0,621,COMMINGLED POOL 001,AB,LOCHEND,Horizontal,WHITECAP RESOURCES INC.,2015-02-17,0.0,NO ANALYSIS,HORIZONTAL,102/02-17-026-03W5/00,CRUDE OIL,Pumping,Not Applicable,Whitecap Resources Inc.,0470674,CARDIUM FM,CARDIUM FM,01-20-026-03W5,51.22774,-114.376152,Oil,2014-11-13,2014-12-01,2330.44,3860.5,Issued,2014-10-16,True,True,True,4.899999999999864
TRIOIL HZ COCHRANE 1-18-26-3,100011802603W500,Oil,Active,Production,10,51.213432,-114.398776,2014-06-03,0265031801000,1288.1,1292.1,2015-10-14,0.0,28,COMMINGLED POOL 001,AB,LOCHEND,Horizontal,WHITECAP RESOURCES INC.,2015-10-14,,NO ANALYSIS,HORIZONTAL,100/01-18-026-03W5/00,CRUDE OIL,Flowing,Not Applicable,ORLEN Upstream Canada Ltd.,0467033,CARDIUM FM,CARDIUM FM,16-18-026-03W5,51.226273,-114.397974,Oil,2015-08-21,2015-09-10,2352.41,3865.0,Issued,2014-06-03,True,True,True,4.0
RIDGEBACK LOCHEND 13-6-28-3,100130602803W500,Oil,Suspended,Production,14,51.37192,-114.420523,2012-09-12,0285030613000,1273.3,1277.0,2012-12-20,0.0,379,COMMINGLED POOL 001,AB,LOCHEND,Horizontal,BONAVISTA ENERGY CORPORATION,2020-04-01,0.0,NO ANALYSIS,HORIZONTAL,100/13-06-028-03W5/00,CRUDE OIL,Suspended,Not Applicable,Ridgeback Resources Inc.,0448372,CARDIUM SD,CARDIUM SD,13-31-027-03W5,51.357722,-114.418391,Suspended Oil,2012-10-30,2012-11-17,2323.34,3822.0,Suspension,2020-04-06,True,True,True,3.7000000000000455
NAL HZ LOCHEND 4-28-26-3,100042802603W500,Oil,Active,Production,10,51.242427,-114.370708,2018-07-03,0265032804000,1234.0,1239.9,2018-11-13,0.0,47,COMMINGLED POOL 001,AB,LOCHEND,Horizontal,WHITECAP RESOURCES INC.,2018-11-13,,NO ANALYSIS,HORIZONTAL,100/04-28-026-03W5/00,CRUDE OIL,Pumping,Not Applicable,Whitecap Resources Inc.,0489828,CARDIUM FM,CARDIUM FM,03-04-027-03W5,51.272852,-114.367997,Oil,2018-08-29,2018-09-10,2254.61,5531.0,Issued,2018-07-03,True,True,True,5.900000000000091
TRIOIL COCHRANE 4-12-26-4,100041202604W500,Oil,Active,Production,10,51.199778,-114.437705,2010-09-22,0265041204000,1295.2,1299.8,2011-11-01,0.0,511,CARDIUM D,AB,COCHRANE,Horizontal,WHITECAP RESOURCES INC.,2011-11-01,,NO ANALYSIS,HORIZONTAL,100/04-12-026-04W5/00,CRUDE OIL,Flowing,Not Applicable,ORLEN Upstream Canada Ltd.,0423705,CARDIUM FM,CARDIUM FM,05-13-026-04W5,51.217409,-114.442476,Oil,2011-09-04,2011-10-03,2393.8,4252.0,Amended,2011-07-19,True,True,True,4.599999999999909
RIDGEBACK LOCHEND 15-36-27-4,100153602704W500,Oil,Active,Production,10,51.357314,-114.432158,2012-07-03,0275043615000,1279.6,1283.5,2012-09-21,0.0,379,COMMINGLED POOL 001,AB,LOCHEND,Horizontal,BONAVISTA ENERGY CORPORATION,2013-03-27,,NO ANALYSIS,HORIZONTAL,100/15-36-027-04W5/00,CRUDE OIL,Pumping,Not Applicable,Ridgeback Resources Inc.,0446984,CARDIUM SD,CARDIUM SD,14-25-027-04W5,51.340328,-114.436421,Oil,2012-08-16,2012-09-01,2346.7,4057.0,Issued,2012-07-03,True,True,True,3.900000000000091
CROSSROADS ET AL LOCHEND 10-32-27-3,100103202703W502,Oil,Active,Production,10,51.352889,-114.385455,1965-04-08,0275033210002,1253.6,1257.6,1983-06-17,0.0,,COMMINGLED POOL 001,AB,LOCHEND,Vertical,HARD ROCK RESOURCES LTD.,1983-06-17,,NO ANALYSIS,,100/10-32-027-03W5/02,CRUDE OIL,Pumping,Not Applicable,Hard Rock Resources Ltd.,0028118,,UPPER CARDIUM,10-32-027-03W5,51.352889,-114.385455,Oil,1965-05-23,,2301.2,2301.2,Issued,1965-04-08,True,True,True,4.0
TRIOIL HZ COCHRANE 16-2-27-4,100160202704W500,None,Abandoned,Production,5,51.284775,-114.44861,2013-12-02,0275040216000,1303.5,1308.6,,2093.0,94,,AB,COCHRANE,Horizontal,,2014-01-07,,NO ANALYSIS,HORIZONTAL,100/16-02-027-04W5/00,Not Applicable,Abandoned & Whipstocked,Not Applicable,ORLEN Upstream Canada Ltd.,0461710,CARDIUM FM,CARDIUM FM,16-02-027-04W5,51.284505,-114.44854,DRY OR ABANDONED,2013-12-28,2014-01-17,2247.98,2250.0,Amended,2014-05-05,True,True,True,5.099999999999909
NEWPACT LOCHEND 4-33-27-3,100043302703W500,Oil,Active,Production,10,51.346089,-114.372882,1985-05-10,0275033304000,1285.2,1289.4,1985-07-28,0.0,2,COMMINGLED POOL 001,AB,LOCHEND,Vertical,SHANPET RESOURCES LTD.,1985-07-28,0.0,NO ANALYSIS,,100/04-33-027-03W5/00,CRUDE OIL,Pumping,Not Applicable,Shanpet Resources Ltd.,0114509,CARDIUM FM,"LOWER CARDIUM,UPPER CARDIUM",04-33-027-03W5,51.346089,-114.372882,Oil,1985-05-17,1985-06-05,2332.0,2332.0,Issued,1985-05-10,True,True,True,4.2000000000000455
NAL LOCHEND 6-4-27-3,100060402703W500,Oil,Suspended,Production,14,51.276901,-114.366061,1982-06-16,0275030406000,1239.5,1243.5,1982-09-09,0.0,,COMMINGLED POOL 001,AB,LOCHEND,Vertical,WHITECAP RESOURCES INC.,2015-07-01,0.0,NO ANALYSIS,,100/06-04-027-03W5/00,CRUDE OIL,Suspended,Not Applicable,Whitecap Resources Inc.,0096313,,CARDIUM SD,06-04-027-03W5,51.276901,-114.366061,Suspended Oil,1982-06-18,,2276.0,2276.0,Suspension,2017-01-12,True,True,True,4.0
RIDGEBACK COCHRANE 2-12-26-4,100021202604W500,Oil,Active,Production,10,51.198713,-114.428964,2012-04-19,0265041202000,1280.2,1285.3,2012-07-28,0.0,652,CARDIUM D,AB,COCHRANE,Horizontal,WHITECAP RESOURCES INC.,2013-10-08,0.0,NO ANALYSIS,HORIZONTAL,100/02-12-026-04W5/00,CRUDE OIL,Pumping,Not Applicable,Ridgeback Resources Inc.,0445435,CARDIUM SD,CARDIUM SD,02-24-026-04W5,51.227365,-114.428426,Oil,2012-06-15,2012-07-13,2372.4,5402.0,Amended,2012-04-20,True,True,True,5.099999999999909
RIDGEBACK LOCHEND 2-5-27-3,100020502703W500,Oil,Active,Production,10,51.272821,-114.38794,2011-02-17,0275030502000,1251.9,1256.9,2011-07-16,0.0,2,COMMINGLED POOL 001,AB,LOCHEND,Horizontal,WHITECAP RESOURCES INC.,2011-07-16,,NO ANALYSIS,HORIZONTAL,100/02-05-027-03W5/00,CRUDE OIL,Flowing,Not Applicable,Ridgeback Resources Inc.,0431672,CARDIUM FM,CARDIUM FM,01-08-027-03W5,51.288209,-114.38249,Oil,2011-03-10,2011-03-30,2276.3,3942.0,Amended,2011-11-01,True,True,True,5.0
ONE-EX BOTTREL 4-29-27-4,100042902704W502,Gas,Suspended,Production,12,51.331577,-114.539712,2006-06-23,0275042904002,1313.9,1318.2,2007-03-21,0.0,202,CARDIUM D,AB,BOTTREL,Directional,ORLEN UPSTREAM CANADA LTD.,2015-12-01,,NO ANALYSIS,DIRECTIONAL,100/04-29-027-04W5/02,GAS,Suspended,Not Applicable,ORLEN Upstream Canada Ltd.,0359415,MANNVILLE GRP,CARDIUM,05-29-027-04W5,51.335584,-114.539782,Suspended Gas,2006-08-03,2006-08-24,2847.48,2905.0,Suspension,2017-05-16,True,True,True,4.2999999999999545
RIDGEBACK COCHRANE 1-11-26-4,100011102604W500,Oil,Active,Production,10,51.199,-114.446484,2014-05-29,0265041101000,1297.9,1301.3,2014-11-06,0.0,309,CARDIUM E,AB,COCHRANE,Horizontal,WHITECAP RESOURCES INC.,2014-12-17,0.0,NO ANALYSIS,HORIZONTAL,100/01-11-026-04W5/00,CRUDE OIL,Pumping,Not Applicable,Ridgeback Resources Inc.,0466924,CARDIUM FM,CARDIUM FM,02-23-026-04W5,51.227385,-114.451865,Oil,2014-07-08,2014-08-10,2408.8,5522.0,Issued,2014-05-29,True,True,True,3.3999999999998636
OUC HZ LOCHEND 1-11-26-3,100011102603W500,None,Abandoned,Production,5,51.19956,-114.30559,2017-12-21,0265031101000,1281.6,1284.6,,0.0,28,,AB,LOCHEND,Horizontal,,2019-10-24,,NO ANALYSIS,HORIZONTAL,100/01-11-026-03W5/00,Not Applicable,Abandoned,Not Applicable,ORLEN Upstream Canada Ltd.,0487492,CARDIUM FM,CARDIUM FM,08-09-026-03W5,51.204364,-114.352261,DRY OR ABANDONED,2018-02-11,2018-03-15,2271.72,5569.0,Abandoned,2019-10-24,True,True,True,3.0
NAL LOCHEND 15-4-27-3,100150402703W500,Oil,Active,Production,10,51.285399,-114.363563,2013-05-06,0275030415000,1224.9,1229.5,2013-06-04,0.0,39,COMMINGLED POOL 001,AB,LOCHEND,Horizontal,WHITECAP RESOURCES INC.,2013-06-04,0.0,NO ANALYSIS,HORIZONTAL,100/15-04-027-03W5/00,CRUDE OIL,Pumping,Not Applicable,Whitecap Resources Inc.,0456682,CARDIUM SD,CARDIUM SD,01-04-027-03W5,51.271449,-114.35842,Oil,2013-05-22,2013-06-07,2215.99,3892.0,Issued,2013-05-06,True,True,True,4.599999999999909
NAL LOCHEND 4-17-27-3,100041702703W500,None,Abandoned,Production,5,51.301592,-114.396794,2012-02-22,0275031704000,1275.2,1280.2,,2088.0,2,,AB,LOCHEND,Horizontal,,2012-04-18,,NO ANALYSIS,HORIZONTAL,100/04-17-027-03W5/00,Not Applicable,Abandoned & Whipstocked,Not Applicable,Whitecap Resources Inc.,0444378,,MANNVILLE & UPPER MANN,13-08-027-03W5,51.299508,-114.398292,DRY OR ABANDONED,2012-04-05,2012-05-02,2677.92,2729.0,Amended,2012-09-12,True,True,True,5.0
NAL LOCHEND 16-25-27-4,100162502704W500,Oil,Active,Production,10,51.342512,-114.425129,2013-11-27,0275042516000,1277.6,1283.1,2014-09-04,0.0,39,COMMINGLED POOL 001,AB,LOCHEND,Horizontal,WHITECAP RESOURCES INC.,2014-09-04,0.0,NO ANALYSIS,HORIZONTAL,100/16-25-027-04W5/00,CRUDE OIL,Pumping,Not Applicable,Whitecap Resources Inc.,0461495,CARDIUM FM,CARDIUM FM,02-25-027-04W5,51.33074,-114.431946,Oil,2014-03-07,2014-03-22,2339.69,3808.0,Issued,2013-11-27,True,True,True,5.5
RIDGEBACK LOCHEND 13-19-27-3,100131902703W500,Oil,Active,Production,10,51.329003,-114.420329,2014-01-09,0275031913000,1269.1,1274.0,2014-07-23,0.0,309,COMMINGLED POOL 001,AB,LOCHEND,Horizontal,WHITECAP RESOURCES INC.,2014-08-08,0.0,NO ANALYSIS,HORIZONTAL,100/13-19-027-03W5/00,CRUDE OIL,Pumping,Not Applicable,Ridgeback Resources Inc.,0463559,CARDIUM FM,CARDIUM FM,15-18-027-03W5,51.314095,-114.41097,Oil,2014-02-04,2014-02-20,2329.4,4257.0,Issued,2014-01-09,True,True,True,4.900000000000091
TRIOIL HZ COCHRANE 3-12-26-4,100031202604W500,Oil,Active,Production,10,51.198575,-114.433295,2013-10-18,0265041203000,1295.5,1300.8,2014-04-01,0.0,94,CARDIUM D,AB,COCHRANE,Horizontal,WHITECAP RESOURCES INC.,2014-04-01,,NO ANALYSIS,HORIZONTAL,100/03-12-026-04W5/00,CRUDE OIL,Flowing,Not Applicable,ORLEN Upstream Canada Ltd.,0460133,CARDIUM FM,CARDIUM FM,05-13-026-04W5,51.217635,-114.442118,Oil,2014-01-19,2014-02-15,2393.79,4700.0,Issued,2013-10-18,True,True,True,5.2999999999999545
NAL LOCHEND 15-9-27-3,100150902703W500,Oil,Active,Production,10,51.298382,-114.364304,2012-05-09,0275030915000,1253.9,1259.5,2012-09-26,0.0,2,COMMINGLED POOL 001,AB,LOCHEND,Horizontal,WHITECAP RESOURCES INC.,2012-09-26,,NO ANALYSIS,HORIZONTAL,100/15-09-027-03W5/00,CRUDE OIL,Pumping,Not Applicable,Whitecap Resources Inc.,0445751,CARDIUM FM,CARDIUM FM,14-04-027-03W5,51.284994,-114.370438,Oil,2012-06-15,2012-07-11,2248.14,3900.0,Issued,2012-05-09,True,True,True,5.599999999999909
CDCOG LOCHEND 8-14-26-4,100081402604W500,None,Abandoned,Production,5,51.21884,-114.444374,1982-10-18,0265041408000,1298.0,1302.3,,0.0,,,AB,COCHRANE,Vertical,,1990-04-11,,NO ANALYSIS,,100/08-14-026-04W5/00,Not Applicable,Abandoned & Re-Entered,Not Applicable,Cenovus Energy Inc.,0098039,,,08-14-026-04W5,51.21884,-114.444374,DRY OR ABANDONED,1982-11-05,,2600.0,2600.0,Re-Entered,2002-05-22,True,True,True,4.2999999999999545
NAL LOCHEND 16-36-26-4,100083602604W502,Oil,Active,Production,10,51.260302,-114.422155,2010-07-30,0265043608002,1296.9,1302.4,2010-12-06,0.0,2,COMMINGLED POOL 001,AB,LOCHEND,Horizontal,WHITECAP RESOURCES INC.,2010-12-06,,NO ANALYSIS,HORIZONTAL,100/08-36-026-04W5/02,CRUDE OIL,Pumping,Not Applicable,Whitecap Resources Inc.,0422316,,MANNVILLE & UPPER MANN,04-06-027-03W5,51.273071,-114.422256,Oil,2010-08-17,2010-09-21,2362.3,3518.0,Amended,2012-05-07,True,True,True,5.5
BEC HZ LOCHEND 3-2-28-4,100030202804W502,Oil,Active,Production,10,51.359511,-114.459995,2013-09-09,0285040203002,1263.3,1267.2,2013-11-27,0.0,638,COMMINGLED POOL 001,AB,LOCHEND,Directional,BONAVISTA ENERGY CORPORATION,2013-11-27,0.0,NO ANALYSIS,DIRECTIONAL,100/03-02-028-04W5/02,CRUDE OIL,Pumping,Not Applicable,Bonavista Energy Corporation,0459205,CARDIUM FM,,04-11-028-04W5,51.373504,-114.46453,Oil,2013-10-07,2013-10-25,2344.68,3968.0,Amended,2014-03-07,True,True,True,3.900000000000091
NAL LOCHEND 13-32-27-3,100133202703W500,Oil,Active,Production,10,51.357624,-114.398888,2010-04-22,0275033213000,1255.6,1260.4,2010-08-05,0.0,7,COMMINGLED POOL 001,AB,LOCHEND,Horizontal,BONAVISTA ENERGY CORPORATION,2010-08-05,0.0,NO ANALYSIS,HORIZONTAL,100/13-32-027-03W5/00,CRUDE OIL,Pumping,Not Applicable,Whitecap Resources Inc.,0420005,CARDIUM FM,CARDIUM FM,01-31-027-03W5,51.344935,-114.403865,Oil,2010-05-15,2010-06-03,2282.36,3657.0,Issued,2010-04-22,True,True,True,4.800000000000182
NAL LOCHEND 16-36-26-4,100163602604W500,None,Abandoned,Production,5,51.270109,-114.42209,2010-07-30,0265043616000,1296.9,1302.4,,2000.0,2,,AB,LOCHEND,Horizontal,,2010-08-30,,NO ANALYSIS,HORIZONTAL,100/16-36-026-04W5/00,Not Applicable,Abandoned & Whipstocked,Not Applicable,Whitecap Resources Inc.,0422316,,MANNVILLE & UPPER MANN,04-06-027-03W5,51.273071,-114.422256,DRY OR ABANDONED,2010-08-17,2010-09-21,2770.77,2822.0,Amended,2012-05-07,True,True,True,5.5
NAL LOCHEND 16-20-27-3,100162002703W500,Oil,Active,Production,10,51.329039,-114.379919,2011-06-23,0275032016000,1263.2,1267.6,2011-11-01,0.0,2,COMMINGLED POOL 001,AB,LOCHEND,Horizontal,WHITECAP RESOURCES INC.,2011-11-01,,NO ANALYSIS,HORIZONTAL,100/16-20-027-03W5/00,CRUDE OIL,Pumping,Not Applicable,Whitecap Resources Inc.,0434581,CARDIUM FM,CARDIUM FM,01-20-027-03W5,51.316676,-114.380194,Oil,2011-09-26,2011-10-13,2264.83,3540.0,Issued,2011-06-23,True,True,True,4.399999999999864
NAL LOCHEND 13-34-26-3,100133402603W500,None,Abandoned,Production,5,51.269508,-114.345858,2014-02-04,0265033413000,1250.8,1255.7,,0.0,113,,AB,LOCHEND,Horizontal,,2014-03-18,,NO ANALYSIS,HORIZONTAL,100/13-34-026-03W5/00,Not Applicable,Abandoned,Not Applicable,Whitecap Resources Inc.,0464666,CARDIUM FM,CARDIUM FM,04-03-027-03W5,51.272074,-114.349254,DRY OR ABANDONED,2014-02-19,2014-03-20,2223.05,2469.0,Amended,2014-06-11,True,True,True,4.900000000000091
RIDGEBACK LOCHEND 14-28-27-3,100142802703W500,Oil,Active,Production,10,51.343674,-114.37063,2010-06-02,0275032814000,1260.0,1264.3,2010-09-11,0.0,204,COMMINGLED POOL 001,AB,LOCHEND,Horizontal,WHITECAP RESOURCES INC.,2010-09-11,0.0,NO ANALYSIS,HORIZONTAL,100/14-28-027-03W5/00,CRUDE OIL,Pumping,Not Applicable,Ridgeback Resources Inc.,0420886,CARDIUM FM,CARDIUM FM,14-21-027-03W5,51.328458,-114.370144,Oil,2010-06-26,2010-07-18,2249.82,3808.0,Issued,2010-06-02,True,True,True,4.2999999999999545
BEC HZ LOCHEND 16-2-28-4,100160202804W500,Oil,Active,Production,10,51.3717,-114.448644,2012-10-12,0285040216000,1246.1,1246.1,2012-12-11,0.0,631,COMMINGLED POOL 001,AB,LOCHEND,Horizontal,BONAVISTA ENERGY CORPORATION,2012-12-11,,NO ANALYSIS,HORIZONTAL,100/16-02-028-04W5/00,CRUDE OIL,Pumping,Not Applicable,Bonavista Energy Corporation,0449165,CARDIUM SD,CARDIUM SD,16-35-027-04W5,51.357649,-114.448083,Oil,2012-11-11,2012-11-24,2316.84,3793.0,Issued,2012-10-12,False,True,True,0.0
NAL LOCHEND 4-34-27-3,100043402703W500,Oil,Suspended,Production,14,51.345767,-114.350371,1984-10-02,0275033404000,1268.2,1273.6,1984-11-26,0.0,7,COMMINGLED POOL 001,AB,LOCHEND,Vertical,WHITECAP RESOURCES INC.,2011-11-01,0.0,NO ANALYSIS,,100/04-34-027-03W5/00,CRUDE OIL,Suspended,Not Applicable,Whitecap Resources Inc.,0109618,CARDIUM FM,LOWER CARDIUM,04-34-027-03W5,51.345767,-114.350371,Suspended Oil,1984-10-04,1984-10-22,2290.0,2290.0,Suspension,2010-04-01,True,True,True,5.399999999999864
NAL LOCHEND 16-29-27-3,100162902703W500,Oil,Active,Production,10,51.343693,-114.380078,2013-08-28,0275032916000,1280.0,1285.3,2013-11-01,0.0,113,COMMINGLED POOL 001,AB,LOCHEND,Horizontal,WHITECAP RESOURCES INC.,2013-11-01,0.0,NO ANALYSIS,HORIZONTAL,100/16-29-027-03W5/00,CRUDE OIL,Pumping,Not Applicable,Whitecap Resources Inc.,0458910,CARDIUM FM,CARDIUM FM,14-20-027-03W5,51.328421,-114.38893,Oil,2013-10-04,2013-10-23,2283.48,4133.0,Issued,2013-08-28,True,True,True,5.2999999999999545
RIDGEBACK COCHRANE 4-11-26-4,100041102604W500,Oil,Active,Production,10,51.199447,-114.463999,2012-02-07,0265041104000,1273.6,1279.6,2013-02-17,0.0,652,CARDIUM E,AB,COCHRANE,Horizontal,WHITECAP RESOURCES INC.,2013-11-10,,NO ANALYSIS,HORIZONTAL,100/04-11-026-04W5/00,CRUDE OIL,Pumping,Not Applicable,Ridgeback Resources Inc.,0443874,CARDIUM SD,CARDIUM SD,04-23-026-04W5,51.227729,-114.462383,Oil,2013-01-04,2013-01-31,2409.37,5407.0,Amended,2012-09-26,True,True,True,6.0
SUPTST ET AL COCHRANE 10-34-26-4,100103402604W500,None,Abandoned,Production,5,51.264992,-114.475542,1966-08-26,0265043410000,1297.5,1302.1,,0.0,,,AB,COCHRANE,Vertical,,1966-10-21,,NO ANALYSIS,,100/10-34-026-04W5/00,Not Applicable,Abandoned,Not Applicable,Repsol Oil & Gas Canada Inc.,0030883,,,10-34-026-04W5,51.264992,-114.475542,DRY OR ABANDONED,1966-08-28,,3098.3,3098.3,RecCertified,1998-12-31,True,True,True,4.599999999999909
CROSSROADS LOCHEND 10-29-27-3,100102902703W502,Oil,Suspended,Production,14,51.337934,-114.385495,1985-01-30,0275032910002,1278.2,1282.7,1985-07-26,0.0,14,COMMINGLED POOL 001,AB,LOCHEND,Vertical,HARD ROCK RESOURCES LTD.,2019-05-01,,NO ANALYSIS,,100/10-29-027-03W5/02,CRUDE OIL,Suspended,Not Applicable,Hard Rock Resources Ltd.,0112958,CARDIUM FM,"LOWER CARDIUM,UPPER CARDIUM",10-29-027-03W5,51.337934,-114.385495,Suspended Oil,1985-02-02,1985-02-21,2330.0,2330.0,Suspension,2019-05-01,True,True,True,4.5
TRIOIL HZ COCHRANE 1-2-27-4,100010202704W502,Oil,Active,Production,10,51.271792,-114.448632,2013-12-02,0275040201002,1303.5,1308.6,2014-03-01,0.0,94,CARDIUM F,AB,COCHRANE,Horizontal,WHITECAP RESOURCES INC.,2014-03-01,,NO ANALYSIS,HORIZONTAL,100/01-02-027-04W5/02,CRUDE OIL,Flowing,Not Applicable,ORLEN Upstream Canada Ltd.,0461710,CARDIUM FM,CARDIUM FM,16-02-027-04W5,51.284505,-114.44854,Oil,2013-12-28,2014-01-17,2398.75,3755.0,Amended,2014-05-05,True,True,True,5.099999999999909
NAL LOCHEND 14-25-27-4,100142502704W500,Oil,Active,Production,10,51.342854,-114.438613,2013-11-27,0275042514000,1277.9,1282.7,2014-09-02,0.0,39,COMMINGLED POOL 001,AB,LOCHEND,Horizontal,WHITECAP RESOURCES INC.,2014-09-02,0.0,NO ANALYSIS,HORIZONTAL,100/14-25-027-04W5/00,CRUDE OIL,Pumping,Not Applicable,Whitecap Resources Inc.,0461493,CARDIUM FM,CARDIUM FM,02-25-027-04W5,51.330918,-114.43245,Oil,2014-05-09,2014-05-26,2350.63,3626.0,Issued,2013-11-27,True,True,True,4.7999999999999545
CROSSROADS LOCHEND 10-29-27-3,100102902703W500,None,Location,Production,8,51.337934,-114.385495,1985-01-30,0275032910000,1278.2,1282.7,,0.0,14,,AB,LOCHEND,Vertical,,1985-06-28,0.0,NO ANALYSIS,,100/10-29-027-03W5/00,Not Applicable,Drilled & Cased,Not Applicable,Hard Rock Resources Ltd.,0112958,CARDIUM FM,"LOWER CARDIUM,UPPER CARDIUM",10-29-027-03W5,51.337934,-114.385495,Location,1985-02-02,1985-02-21,2330.0,2330.0,Suspension,2019-05-01,True,True,True,4.5
OUC 102 HZ LOCHEND 1-11-26-3,102011102603W500,Oil,Active,Production,10,51.198783,-114.305595,2019-10-10,0265031101020,1284.0,1289.2,2019-12-27,0.0,225,COMMINGLED POOL 001,AB,LOCHEND,Horizontal,WHITECAP RESOURCES INC.,2019-12-27,,NO ANALYSIS,HORIZONTAL,102/01-11-026-03W5/00,CRUDE OIL,Flowing,Not Applicable,ORLEN Upstream Canada Ltd.,0496060,CARDIUM FM,CARDIUM FM,08-09-026-03W5,51.204089,-114.352607,Oil,2019-11-17,2019-12-12,2273.54,5793.0,Issued,2019-10-10,True,True,True,5.2000000000000455
WHITECAP LOCHEND 3-29-26-3,100032902603W500,Oil,Active,Production,10,51.243119,-114.386678,2013-03-04,0265032903000,1280.7,1285.0,2013-05-16,0.0,628,COMMINGLED POOL 001,AB,LOCHEND,Horizontal,WHITECAP RESOURCES INC.,2013-06-13,,NO ANALYSIS,HORIZONTAL,100/03-29-026-03W5/00,CRUDE OIL,Pumping,Not Applicable,Whitecap Resources Inc.,0455656,CARDIUM SD,CARDIUM SD,01-32-026-03W5,51.257525,-114.37517,Oil,2013-03-09,2013-04-04,2316.03,4394.0,Issued,2013-03-04,True,True,True,4.2999999999999545
BEC HZ LOCHEND 14-1-28-4,100140102804W500,Oil,Suspended,Production,14,51.371928,-114.43796,2013-06-11,0285040114000,1247.2,1247.2,2013-09-30,0.0,638,COMMINGLED POOL 001,AB,LOCHEND,Horizontal,BONAVISTA ENERGY CORPORATION,2021-01-01,0.0,NO ANALYSIS,HORIZONTAL,100/14-01-028-04W5/00,CRUDE OIL,Suspended,Not Applicable,Bonavista Energy Corporation,0457472,CARDIUM FM,CARDIUM FM,15-36-027-04W5,51.357664,-114.434329,Suspended Oil,2013-08-22,2013-09-05,2311.67,3937.0,Suspension,2019-08-31,False,True,True,0.0
RIDGEBACK LOCHEND 16-36-27-4,100163602704W500,Oil,Active,Production,10,51.357312,-114.426424,2013-05-08,0275043616000,1278.9,1284.0,2013-08-22,0.0,652,COMMINGLED POOL 001,AB,LOCHEND,Horizontal,BONAVISTA ENERGY CORPORATION,2013-10-06,0.0,NO ANALYSIS,HORIZONTAL,100/16-36-027-04W5/00,CRUDE OIL,Pumping,Not Applicable,Ridgeback Resources Inc.,0456810,CARDIUM SD,CARDIUM SD,14-25-027-04W5,51.340315,-114.43556,Oil,2013-07-19,2013-08-02,2341.18,4120.0,Issued,2013-05-08,True,True,True,5.099999999999909
AMOCO LOCHEND 10-28-27-3,100102802703W500,Oil,Abandoned,Production,3,51.338571,-114.362105,1961-03-13,0275032810000,1264.0,1268.3,1961-05-25,2651.8,,COMMINGLED POOL 001,AB,LOCHEND,Vertical,,2019-10-10,,NO ANALYSIS,,100/10-28-027-03W5/00,CRUDE OIL,Abandoned,Not Applicable,Shanpet Resources Ltd.,0020556,,,10-28-027-03W5,51.338571,-114.362105,Abandoned Oil,1961-03-15,,2876.4,2876.4,Abandoned,2019-10-10,True,True,True,4.2999999999999545
